long,lat
-73.9568473,40.6737606
-73.889922,40.745244
-73.771184,40.67698
-73.9269,40.705797
-73.8834151,40.6604648
-73.827349,40.760525
-73.8950226,40.8545873
-73.909699,40.665626
-73.948928,40.806922
-73.747744,40.69569
-73.802017,40.693693
-73.752848,40.598614
-73.827448,40.690936
-73.9904124,40.6052106
-73.866119,40.845223
-73.910047,40.817976
-73.8925369,40.7747135
-73.8833908,40.7558146
-73.7529498,40.6085628
-73.910811,40.6973712
-74.004268,40.752636
-73.9653146,40.7985393
-74.1652524,40.631829
-73.7297089,40.6574424
-73.98465335,40.76048397
-73.8825886,40.6775037
-73.997354,40.5745117
-73.7997214,40.6933204
-73.9216124,40.6561586
-73.9451118,40.747503
-73.913583,40.677672
-73.8712851,40.748963
-73.9427163,40.7110007
-73.924373,40.867789
-73.957209,40.663517
-73.776549,40.595621
-73.9513502,40.7717776
-73.95816,40.6744741
-73.9158883,40.6586796
-73.7342235,40.6556514
-73.9397225,40.8127242
-73.8346021,40.6616577
-73.980272,40.750436
-74.0041506,40.6510387
-73.9586552,40.6603282
-73.984834,40.724271
-73.9131601,40.6854327
-74.0871982,40.6360383
-73.9059676,40.6797458
-73.9442885,40.7627791
-73.9060801,40.6663987
-73.9568997,40.6655862
-73.9343307,40.6716638
-73.9393156,40.8109739
-73.81897,40.609543
-73.9282905,40.6731248
-73.937279,40.825552
-73.9272308,40.6496471
-73.8795655,40.65818
-73.90555501,40.66852589
-74.002304,40.601861
-73.937982,40.632245
-73.9635287,40.6526267
-73.945429,40.824603
-73.7475788,40.704856
-73.8960924,40.6520829
-73.934538,40.6880613
-73.9362375,40.5942995
-74.01097655,40.67667677
-73.9485432,40.6411705
-73.9919344,40.6792764
-73.9669382,40.6834917
-73.8988174,40.7511892
-73.8968566,40.8453378
-73.9783669,40.728677
-74.1258774,40.6056833
-73.958386,40.6504167
-73.939949,40.812614
-73.7838735,40.696781
-73.7909977,40.6962361
-73.9541164,40.8163349
-73.944789,40.809404
-73.8553323,40.7378351
-73.9204395,40.6497068
-73.9373,40.799071
-73.9356238,40.6708264
-73.80171,40.669076
-73.913672,40.6915498
-73.935647,40.8315127
-73.94441,40.794798
-73.8131665,40.5884214
-73.9423376,40.8170412
-73.9881752,40.683415
-73.933644,40.671629
-73.954634,40.594401
-73.9201648,40.6914289
-73.7704838,40.5945467
-73.7501568,40.7073194
-73.937341,40.694485
-73.9879316,40.7190922
-73.9784932,40.6586801
-73.7542262,40.6053329
-73.9483339,40.7981094
-73.7536207,40.6042748
-73.9395141,40.6746882
-73.9510012,40.8003388
-74.1086275,40.5793473
-74.002621,40.614597
-73.9732087,40.7902649
-73.9532089,40.6985298
-73.9123612,40.6346861
-73.9218068,40.6718662
-73.852855,40.6565434
-73.9665347,40.6265856
-73.997207,40.744136
-73.9842234,40.7145507
-73.9215075,40.666044
-73.92455578,40.6847219
-73.9378523,40.6701101
-73.994206,40.5750408
-73.9269588,40.6873673
-73.948241,40.829644
-73.9166191,40.7021976
-74.002523,40.740443
-74.117204,40.6345625
-73.961216,40.811883
-73.9088975,40.6700911
-73.9240363,40.6817546
-73.9439339,40.6982018
-73.7881549,40.689825
-73.8693425,40.6633693
-73.7510879,40.7030587
-74.0831616,40.6376527
-73.7887239,40.7109005
-73.9872521,40.5989436
-73.9737909,40.6860439
-74.0904889,40.6039224
-73.8838698,40.6723198
-73.9745339,40.7245963
-73.7960533,40.6870647
-73.9650871,40.7542424
-73.9389904,40.7953352
-73.9203849,40.6653921
-73.9994569,40.5742027
-73.8952828,40.6759253
-73.929321,40.8593
-73.7885642,40.6890598
-73.9900033,40.7219756
-73.83406,40.698687
-73.9445051,40.8280661
-73.957073,40.641954
-73.947458,40.81032
-73.939957,40.8186857
-73.963972,40.649089
-73.9467585,40.6516937
-73.9380303,40.5954254
-73.885661,40.676001
-73.9268446,40.6889468
-73.956487,40.6432775
-73.942503,40.837147
-74.0880463,40.6456904
-73.7490453,40.5970842
-73.878844,40.756188
-73.753785,40.689163
-73.9177644,40.6858269
-73.7968345,40.695131
-73.9110012,40.6592387
-73.9596301,40.5779012
-73.9347282,40.6094291
-73.9428724,40.651632
-73.9278655,40.6713092
-74.0872173,40.613432
-73.9434145,40.6960632
-73.950577,40.660132
-73.960748,40.709409
-73.942599,40.660605
-73.79261,40.673625
-73.9903928,40.7484159
-73.765369,40.681586
-73.9052896,40.656567
-73.947652,40.834417
-74.2457324,40.5155248
-73.974125,40.657454
-73.9411784,40.5967292
-73.9196761,40.7085399
-73.9077311,40.6773443
-73.905397,40.667838
-73.93605709,40.79701985
-73.761008,40.67852
-73.8086644,40.7124586
-73.9805438,40.6071869
-73.9303919,40.66129
-73.9860578,40.6395737
-73.7560114,40.6021484
-73.9158362,40.6797142
-73.9358653,40.8311841
-73.959598,40.6913033
-73.813564,40.6753828
-73.946199,40.827163
-73.950883,40.686932
-73.9842,40.6834741
-73.9453294,40.6384423
-73.8464341,40.794306
-73.984592,40.679619
-73.9590376,40.6649336
-73.8664844,40.6913505
-73.9341999,40.6716571
-73.9436725,40.6821405
-74.000693,40.740138
-73.945349,40.690567
-73.9357352,40.6708321
-73.9370417,40.7544593
-73.9528529,40.6654965
-73.8113874,40.7379965
-73.8067148,40.7607773
-73.937767,40.819987
-73.9403652,40.6986348
-73.904696,40.6583895
-73.901736,40.739182
-73.8909178,40.6739271
-73.7299732,40.6874781
-73.8249744,40.6667642
-73.9133171,40.6389302
-74.0156555,40.6399757
-73.92982,40.686725
-73.98821,40.73595
-73.7416189,40.5959815
-73.913668,40.6884971
-73.939011,40.83754
-73.9706208,40.7900004
-73.9876743,40.7737131
-73.9374068,40.6231257
-73.9617926,40.6477254
-73.9082103,40.757163
-73.9580453,40.6846254
-73.9002194,40.6384567
-73.9513245,40.6400341
-73.956428,40.801261
-73.8839227,40.6343803
-74.1573762,40.5882393
-73.9377136,40.6637821
-73.8078464,40.7328133
-73.940208,40.70985
-73.9972879,40.7133774
-73.9480759,40.6970124
-73.90685,40.6644674
-73.7815702,40.701864
-73.96287918,40.57491228
-73.9480779,40.6706333
-73.7660094,40.7022349
-73.802966,40.69383
-73.79992,40.702448
-73.9129057,40.6792964
-73.9412193,40.7867629
-74.0811816,40.6163996
-73.9618982,40.654027
-73.896881,40.67174
-73.953416,40.588067
-73.929599,40.85249
-74.0016895,40.6736621
-73.821966,40.6817485
-73.8641876,40.7423462
-73.9525341,40.6515377
-73.9734416,40.6912111
-74.0849773,40.6367162
-73.93906116,40.69854028
-73.9311963,40.7690862
-73.9447348,40.6419346
-73.9508258,40.662509
-73.915475,40.661571
-73.9576537,40.6557988
-73.7636643,40.5948512
-73.9412496,40.6795245
-73.930184,40.688561
-73.9561443,40.6677193
-73.7508645,40.6928516
-74.1430463,40.6369562
-73.9322881,40.6255714
-73.950972,40.663901
-73.895786,40.667145
-73.881202,40.676211
-73.866955,40.667038
-73.939289,40.821533
-73.912982,40.682385
-73.938116,40.595241
-73.906813,40.669991
-73.940322,40.7169
-73.894394,40.645988
-73.928989,40.773388
-73.778366,40.740549
-73.957351,40.681484
-73.935536,40.832483
-73.974671,40.724562
-73.762054,40.692383
-73.946107,40.757392
-73.961348,40.676942
-73.956773,40.692884
-73.963709,40.673652
-73.97132,40.789582
-73.792296,40.699658
-73.757059,40.598789
-73.937195,40.693752
-73.766897,40.682354
-73.795174,40.667063
-73.792881,40.695327
-73.945953,40.678249
-74.078303,40.635287
-73.932509,40.773223
-73.925424,40.663294
-73.933104,40.850505
-73.880064,40.667509
-73.808627,40.701715
-73.942865,40.821542
-73.805515,40.701881
-73.985751,40.72282
-73.89004,40.675766
-73.97275,40.693334
-73.941608,40.651097
-73.939666,40.703947
-73.950778,40.800337
-73.95311,40.819415
-73.742875,40.659038
-73.861121,40.679148
-73.919057,40.619525
-73.968828,40.648804
-73.96361,40.688556
-73.911963,40.679505
-73.937557,40.797112
-73.947928,40.727268
-73.91132,40.691935
-73.996057,40.741164
-73.982477,40.71829
-73.932726,40.668797
-73.885152,40.755671
-73.982043,40.641708
-73.945137,40.703593
-73.957813,40.642976
-73.934275,40.774994
-73.962018,40.5761
-73.921398,40.70043
-73.804195,40.707219
-73.939854,40.632135
-73.923749,40.664378
-73.984146,40.680431
-73.932228,40.772663
-73.938056,40.805626
-73.759743,40.713252
-73.876102,40.667876
-73.984636,40.759022
-73.831763,40.764117
-74.081923,40.623955
-73.902644,40.698014
-73.996057,40.636379
-73.949464,40.680507
-73.978521,40.591819
-73.961616,40.666695
-73.831554,40.754081
-73.797287,40.674744
-73.910497,40.693075
-73.964861,40.581009
-73.941996,40.81469
-73.88307,40.660178
-73.92558,40.668585
-73.799073,40.597623
-73.937551,40.598639
-73.896809,40.668434
-73.748354,40.596394
-73.921846,40.684365
-73.985697,40.773218
-73.760983,40.693844
-73.754864,40.713576
-73.753334,40.707373
-73.938155,40.841855
-73.944827,40.616046
-73.944945,40.809348
-73.893528,40.6784
-73.722833,40.73726
-73.949575,40.680984
-73.800874,40.675878
-73.953532,40.668489
-73.924595,40.677719
-73.907182,40.67817
-73.95498,40.808527
-73.904179,40.743354
-73.942729,40.631957
-73.906703,40.682877
-73.938141,40.70387
-73.894969,40.73916
-73.948022,40.652825
-73.923053,40.661026
-73.895558,40.667816
-73.893033,40.675533
-73.737121,40.769786
-73.960792,40.653871
-73.797602,40.691002
-73.99148,40.742243
-73.953908,40.692216
-73.987689,40.714178
-73.954364,40.64026
-73.954364,40.64026
-73.962865,40.653535
-73.921618,40.633276
-73.787866,40.589215
-73.928164,40.657273
-73.96857,40.798898
-73.875214,40.682887
-73.941166,40.792183
-73.905459,40.689061
-73.983119,40.722276
-73.764504,40.681468
-73.951795,40.668224
-73.918876,40.732801
-73.994292,40.712674
-73.9619,40.654871
-73.942492,40.8354
-73.922855,40.652123
-73.951564,40.813418
-73.872318,40.688214
-73.988877,40.745139
-73.976993,40.787907
-73.883308,40.651313
-73.948888,40.644427
-73.955842,40.59664
-73.791868,40.679747
-73.955498,40.709949
-73.919543,40.631471
-73.959073,40.585381
-73.941163,40.597284
-73.861069,40.669618
-73.870673,40.685276
-73.748204,40.596474
-73.94353,40.825906
-73.938286,40.652192
-73.934454,40.801419
-73.932861,40.850506
-73.940136,40.68826
-73.924505,40.664008
-73.764927,40.660764
-73.943842,40.823648
-73.991438,40.737682
-73.974779,40.687264
-73.956027,40.687748
-73.992457,40.711754
-73.86835,40.684839
-73.942032,40.810564
-73.956932,40.815725
-73.898372,40.63937
-73.908539,40.693874
-73.937595,40.685555
-74.001881,40.726153
-73.910189,40.687271
-73.975142,40.73541
-73.748946,40.601671
-73.933518,40.694266
-73.929452,40.684903
-73.761609,40.679738
-73.889492,40.739158
-73.911082,40.679515
-73.796705,40.758418
-73.950865,40.643893
-73.805944,40.684969
-73.924202,40.862917
-73.935018,40.6186
-73.963791,40.677318
-73.754366,40.602143
-73.974295,40.633429
-73.864385,40.757791
-73.869451,40.672673
-73.946206,40.683065
-73.880013,40.685244
-73.73267,40.712577
-73.955808,40.806607
-73.930358,40.616567
-73.890759,40.678579
-73.929807,40.62698
-73.926633,40.671331
-73.784768,40.596177
-73.938028,40.836787
-73.742559,40.695998
-73.907149,40.632436
-73.887993,40.6621
-74.009133,40.654345
-73.996242,40.714169
-73.900143,40.615619
-74.083073,40.612439
-73.939724,40.826154
-73.960999,40.650623
-73.74995,40.679129
-73.990009,40.575069
-73.952469,40.655189
-73.919411,40.666278
-73.855703,40.684539
-73.833435,40.699452
-73.961513,40.760431
-73.917677,40.65879
-73.878899,40.741859
-73.948046,40.702903
-73.948657,40.826452
-73.915523,40.870243
-73.978727,40.593253
-73.789396,40.708451
-73.971111,40.79322
-73.923634,40.67907
-73.93716,40.694169
-73.926329,40.661761
-73.917024,40.670687
-73.787486,40.673181
-73.943701,40.816285
-73.981118,40.590717
-73.888284,40.665145
-73.728535,40.685831
-73.893396,40.746272
-73.934145,40.642737
-73.990624,40.717606
-73.988163,40.590101
-73.944719,40.662822
-73.99464,40.642939
-73.984749,40.718081
-73.96485,40.796342
-73.948039,40.827007
-73.91972,40.681519
-73.925309,40.868667
-73.989059,40.644119
-73.950173,40.672102
-73.935399,40.687306
-73.962187,40.657449
-73.941803,40.812815
-73.926268,40.661705
-73.934865,40.759086
-73.90955,40.691503
-73.942847,40.798143
-73.9414,40.68468
-73.792846,40.709086
-73.988312,40.746888
-73.886641,40.655958
-73.761954,40.688236
-73.942098,40.791276
-73.733336,40.729011
-73.912522,40.692205
-74.124298,40.622753
-73.884506,40.744413
-73.988523,40.721462
-73.907941,40.596571
-73.900927,40.666076
-73.943483,40.796073
-73.987123,40.760702
-73.753809,40.600972
-73.932725,40.852898
-73.944231,40.819673
-73.993945,40.713744
-73.985703,40.747056
-73.758138,40.602149
-73.759564,40.69307
-73.957818,40.708768
-73.941994,40.698354
-73.939562,40.725304
-73.919679,40.696545
-73.942222,40.689428
-73.930302,40.702428
-73.75404,40.707309
-73.943971,40.669591
-73.790088,40.694981
-73.941078,40.596847
-73.841961,40.688445
-73.94968,40.802024
-73.925934,40.660277
-73.92432,40.661203
-73.781707,40.704188
-73.955265,40.676613
-73.908156,40.680693
-73.909376,40.664841
-73.945263,40.793821
-73.893872,40.650237
-73.938705,40.766676
-73.934607,40.687966
-74.006696,40.632025
-73.9994,40.644101
-73.946462,40.6969
-73.806476,40.686955
-73.98754,40.761156
-73.933715,40.6875
-73.945819,40.641829
-73.907655,40.673193
-73.881294,40.748001
-73.874951,40.686506
-73.990276,40.756567
-73.753719,40.655365
-73.966783,40.646459
-73.888192,40.671715
-73.949217,40.675071
-73.790118,40.709906
-73.855411,40.702083
-73.971456,40.679569
-73.97076,40.755825
-73.94968,40.802024
-73.881442,40.668926
-73.941771,40.807089
-73.948428,40.822151
-73.935157,40.847561
-73.968458,40.638525
-73.936584,40.811486
-73.967477,40.681754
-74.010575,40.637817
-73.950431,40.671874
-73.982024,40.694295
-73.791778,40.679165
-73.847775,40.775039
-73.862679,40.757854
-73.94905,40.828535
-73.938193,40.792188
-74.082773,40.623588
-73.951735,40.699499
-73.764029,40.691957
-73.967273,40.645612
-73.8096,40.705869
-73.932849,40.848038
-73.913457,40.701602
-73.902628,40.692277
-73.748585,40.605499
-73.78898,40.593645
-73.928372,40.622336
-73.933915,40.847773
-73.987242,40.572496
-73.796183,40.713549
-73.937752,40.701802
-73.755828,40.706876
-73.939533,40.695824
-73.944419,40.762829
-73.778676,40.691138
-73.912714,40.645976
-73.876424,40.675231
-73.79555,40.595683
-73.817497,40.678564
-73.992321,40.713377
-74.009223,40.574996
-73.922354,40.672576
-73.959238,40.717736
-73.900848,40.639168
-73.982486,40.637242
-73.953341,40.662884
-73.90929,40.663551
-73.966168,40.801617
-73.959976,40.689343
-73.919708,40.667547
-73.929682,40.683468
-73.767959,40.704889
-73.960511,40.660659
-73.951497,40.661611
-73.938232,40.633376
-73.888465,40.669594
-73.885927,40.656639
-73.822978,40.698928
-73.796233,40.592306
-73.738565,40.652355
-73.801897,40.701969
-73.764718,40.681546
-73.900599,40.759846
-73.915771,40.635594
-73.981024,40.688844
-73.916942,40.671607
-73.768507,40.595021
-73.739241,40.699032
-73.991134,40.757902
-73.939883,40.634579
-73.813908,40.696865
-73.94433,40.836686
-73.943604,40.638987
-73.912569,40.700358
-73.973926,40.68718
-73.981167,40.695703
-73.915349,40.655838
-73.941272,40.807959
-74.200184,40.539465
-73.933634,40.667234
-73.921999,40.676341
-73.875427,40.737516
-73.748067,40.764119
-74.162902,40.631904
-73.943861,40.697144
-73.961638,40.622804
-73.950326,40.789545
-73.939917,40.802801
-73.789142,40.706481
-73.954873,40.703993
-73.863826,40.669223
-73.941611,40.684162
-74.002144,40.652956
-73.763415,40.67668
-73.876479,40.748416
-73.935096,40.794279
-73.909056,40.696683
-73.862122,40.745728
-73.763556,40.699178
-73.993082,40.61626
-74.076562,40.623988
-74.009078,40.653309
-73.937732,40.84403
-73.956899,40.642829
-73.912954,40.653363
-73.731077,40.726525
-73.749131,40.597673
-73.803627,40.687295
-73.939744,40.698655
-73.944576,40.824937
-73.898139,40.666142
-73.748223,40.677696
-73.831001,40.684897
-74.060433,40.61117
-73.81551,40.689737
-73.891983,40.63341
-73.908972,40.66424
-73.905897,40.680751
-73.957678,40.801941
-73.938497,40.825644
-73.914851,40.694633
-73.924522,40.67725
-73.991692,40.735204
-73.995476,40.714069
-73.907917,40.682571
-74.085391,40.644897
-73.926891,40.703667
-73.794917,40.698108
-73.907307,40.656273
-73.979293,40.695217
-73.930002,40.656989
-73.956182,40.624998
-74.012649,40.642866
-73.911067,40.675617
-73.89707,40.676308
-74.010775,40.717621
-73.937495,40.697389
-73.756345,40.671547
-73.955307,40.63948
-73.827102,40.755744
-73.749112,40.681588
-74.005528,40.739003
-73.943189,40.813499
-74.00523,40.646406
-73.791714,40.697391
-73.997389,40.57399
-74.007079,40.641325
-73.918583,40.687406
-73.872828,40.687835
-73.957083,40.678644
-73.939649,40.821982
-73.774099,40.678435
-73.930525,40.681122
-74.033418,40.612613
-73.93158,40.761706
-73.908814,40.681161
-73.929695,40.737531
-73.876219,40.671345
-73.926376,40.861102
-73.787099,40.69723
-73.886355,40.671319
-73.974175,40.591194
-73.920956,40.86416
-73.989211,40.729323
-73.950126,40.683495
-73.962897,40.719228
-73.891632,40.68084
-73.939698,40.75008
-73.938695,40.679745
-73.90574,40.628594
-73.93368,40.670397
-73.917688,40.692666
-73.768615,40.712461
-73.91201,40.657364
-73.747345,40.671932
-73.922399,40.660495
-73.949876,40.646912
-73.891423,40.746357
-73.885192,40.656918
-73.958312,40.734701
-73.940122,40.828875
-73.893361,40.681952
-73.926509,40.652717
-73.937311,40.749861
-73.798396,40.671802
-73.915946,40.65805
-73.932448,40.599535
-73.948951,40.825902
-73.90365,40.657636
-73.981522,40.576988
-73.914642,40.687507
-73.745628,40.602638
-74.014453,40.641043
-73.91407,40.713454
-73.94464,40.687379
-73.997286,40.739343
-73.922965,40.673784
-73.908525,40.690248
-73.911813,40.68318
-73.895521,40.651661
-74.073976,40.626114
-73.940379,40.82225
-73.831059,40.765816
-73.999796,40.576361
-73.949568,40.811142
-73.898232,40.638966
-73.942076,40.688697
-73.919926,40.708199
-73.946733,40.650827
-73.906487,40.662971
-73.752643,40.695951
-73.912359,40.707095
-74.027631,40.616928
-73.916132,40.684236
-73.870133,40.666733
-73.847746,40.671467
-73.9556,40.681065
-73.952656,40.824097
-73.882811,40.666492
-73.9255,40.680588
-73.943512,40.820543
-74.165088,40.624306
-73.989858,40.73322
-73.796001,40.697824
-73.948859,40.822372
-73.990039,40.683399
-73.8858,40.637179
-73.87734,40.725961
-73.759699,40.740316
-73.924009,40.637424
-73.923698,40.658868
-73.964428,40.681406
-73.974893,40.613187
-73.939109,40.692838
-73.870813,40.678948
-73.90158,40.660451
-73.949689,40.795327
-73.918244,40.688705
-73.747179,40.716788
-73.98141,40.758363
-73.900599,40.759846
-73.894289,40.664622
-73.952541,40.82203
-73.996614,40.575406
-73.916838,40.66348
-73.948392,40.650955
-73.930919,40.868571
-73.922168,40.679373
-73.74713,40.611796
-73.942557,40.821778
-73.912419,40.656756
-73.937989,40.696
-73.896193,40.752559
-73.944927,40.787038
-73.996118,40.572693
-73.861311,40.750173
-73.960997,40.649384
-73.947611,40.806861
-73.961719,40.648002
-73.945823,40.674168
-73.987258,40.732527
-73.939945,40.816335
-73.749947,40.679323
-74.005755,40.751745
-74.032248,40.620254
-73.912448,40.723304
-73.998286,40.579075
-73.961257,40.577743
-74.001163,40.762021
-73.930066,40.801317
-73.805515,40.701881
-73.880353,40.666668
-73.977498,40.687535
-73.9362,40.830794
-73.953079,40.810094
-73.904556,40.668811
-73.927354,40.693093
-73.995645,40.744099
-73.912778,40.665756
-73.948227,40.665699
-73.927387,40.699469
-73.863718,40.666107
-74.06338,40.610175
-73.94865,40.829709
-73.89379,40.638699
-73.938261,40.698418
-73.940207,40.800557
-73.9606,40.660027
-73.971754,40.580443
-73.934547,40.845897
-73.911518,40.681712
-73.991135,40.575925
-73.925259,40.664363
-73.957986,40.643872
-73.908775,40.668754
-73.952991,40.638777
-73.980544,40.716753
-73.984756,40.682772
-73.908424,40.67982
-73.947422,40.671741
-73.857757,40.732483
-73.892966,40.66044
-73.991492,40.757847
-73.976526,40.786497
-73.946053,40.675081
-73.936309,40.822265
-74.006842,40.733753
-73.892293,40.682538
-73.997417,40.742503
-73.918997,40.703204
-73.980236,40.596296
-73.938367,40.792136
-73.987444,40.711377
-73.937575,40.826763
-73.911791,40.681023
-73.923065,40.662673
-73.818682,40.750069
-73.774771,40.595735
-73.929655,40.861956
-73.944239,40.841697
-73.896784,40.636619
-73.901615,40.675532
-73.862943,40.677232
-73.987814,40.743787
-73.949915,40.676096
-73.783466,40.68482
-73.791432,40.680646
-73.88133,40.740154
-73.783015,40.684277
-73.961882,40.71379
-73.920467,40.710921
-73.923109,40.668373
-73.92923,40.696826
-73.916199,40.690692
-73.810067,40.693606
-73.938879,40.71761
-73.962499,40.677079
-73.937004,40.633312
-73.78502,40.706307
-73.824219,40.767615
-73.887099,40.743676
-73.789272,40.695326
-73.915877,40.659713
-73.944957,40.684708
-73.981283,40.695434
-73.847659,40.781425
-73.911944,40.72095
-73.944864,40.583689
-73.95246,40.686092
-73.948273,40.804144
-73.912228,40.677507
-74.168105,40.533458
-73.94298,40.692626
-73.948269,40.810758
-73.944328,40.802192
-73.916773,40.67339
-73.795044,40.694321
-73.841307,40.694597
-73.984709,40.59981
-73.839967,40.681085
-73.799127,40.670338
-73.884952,40.635142
-73.959696,40.654839
-73.947461,40.650999
-73.928214,40.687384
-73.960622,40.660205
-73.820742,40.773155
-73.807056,40.684255
-73.92461,40.651113
-73.959976,40.689343
-73.986246,40.602544
-73.930989,40.649073
-73.93729,40.676281
-73.814157,40.703785
-73.948822,40.657848
-73.938565,40.819831
-73.937643,40.844292
-73.958857,40.814718
-73.789731,40.673365
-73.951113,40.805154
-73.911086,40.680145
-73.994959,40.572391
-73.868715,40.673564
-73.929979,40.867796
-73.873655,40.685181
-73.931623,40.663577
-73.938991,40.816662
-73.936982,40.70191
-73.923495,40.675355
-73.893406,40.681889
-73.982071,40.673162
-74.097274,40.587572
-73.977673,40.648841
-74.01291,40.702251
-73.906238,40.672865
-74.005924,40.60184
-73.940082,40.672962
-73.919506,40.697053
-73.759427,40.606845
-73.905302,40.666189
-73.949832,40.813658
-73.947117,40.825904
-74.002049,40.732084
-73.925782,40.755866
-73.892964,40.678923
-73.944573,40.69582
-73.919165,40.684491
-73.932523,40.708238
-73.811506,40.682991
-73.806627,40.59083
-73.830978,40.765733
-73.864299,40.752736
-73.961164,40.660746
-73.889296,40.635806
-73.948398,40.795313
-73.997396,40.574024
-73.927891,40.691488
-73.904728,40.679609
-73.753216,40.705341
-74.001979,40.749149
-73.953636,40.633263
-73.912097,40.693527
-73.985441,40.718619
-73.951052,40.66621
-73.871122,40.728594
-73.956564,40.619521
-73.908709,40.700504
-73.842445,40.781431
-73.940431,40.685796
-73.810671,40.697069
-73.95077,40.65173
-73.796681,40.708077
-73.957017,40.674329
-73.979973,40.604772
-73.912112,40.771287
-73.93566,40.693271
-73.870205,40.748507
-73.938609,40.67777
-73.977649,40.756985
-73.912796,40.677539
-73.895016,40.6646
-73.946979,40.688223
-73.934296,40.762342
-73.903202,40.657439
-73.854916,40.757073
-73.999097,40.580172
-73.861099,40.735278
-73.76757,40.662832
-73.927869,40.672495
-73.780256,40.686281
-73.893844,40.658352
-73.949017,40.684809
-74.030392,40.618112
-73.877985,40.673825
-73.990227,40.759218
-73.932939,40.799571
-73.93599,40.8072
-73.771332,40.710399
-73.792947,40.673512
-73.880694,40.642651
-73.955239,40.812353
-73.879427,40.666486
-73.810924,40.749754
-73.958981,40.655605
-73.863249,40.817862
-73.865734,40.681128
-73.820223,40.585567
-73.870694,40.76314
-73.928282,40.661447
-73.908713,40.777626
-73.935374,40.800162
-73.948903,40.825676
-73.943719,40.732391
-73.812834,40.668798
-73.762934,40.671813
-73.920956,40.681469
-73.890429,40.659557
-73.940776,40.819496
-73.831753,40.759756
-73.796838,40.684829
-73.855502,40.688201
-73.9362,40.830794
-73.887184,40.738528
-73.842493,40.69445
-73.753238,40.680117
-73.950778,40.800337
-73.884351,40.740613
-73.942498,40.79035
-73.959357,40.806121
-73.790061,40.696224
-73.937996,40.619408
-73.970178,40.64018
-73.951546,40.814371
-73.906182,40.669138
-73.957741,40.639029
-73.925471,40.70377
-73.841849,40.720801
-73.926268,40.661705
-73.928265,40.650228
-73.956837,40.68334
-73.973735,40.754619
-73.843979,40.721455
-73.788619,40.590358
-73.951847,40.669839
-73.75956,40.68262
-73.926633,40.671331
-73.796208,40.707344
-73.943662,40.679982
-73.776356,40.783622
-73.976943,40.69423
-73.978231,40.720674
-73.912686,40.661993
-73.931428,40.694226
-73.835145,40.680601
-73.961754,40.668037
-73.963795,40.616876
-73.871755,40.675335
-73.940113,40.674754
-73.988408,40.744443
-74.121687,40.573445
-73.9377,40.693036
-73.98127,40.641862
-73.897492,40.637374
-73.80832,40.688764
-73.949006,40.68406
-73.957446,40.645248
-73.957657,40.671536
-73.948364,40.830403
-73.921652,40.865286
-73.737639,40.675064
-73.937201,40.596431
-73.910594,40.681736
-73.879683,40.66117
-73.783015,40.684277
-73.943079,40.834014
-73.947065,40.811656
-73.825216,40.677025
-73.968537,40.643825
-73.77248,40.595906
-73.985176,40.718639
-73.942159,40.693273
-73.949832,40.813658
-73.928918,40.665899
-73.990038,40.683058
-73.972277,40.76259
-74.004818,40.743118
-73.948405,40.800469
-73.947176,40.796797
-73.924785,40.768375
-73.950101,40.699232
-73.860058,40.696007
-73.919221,40.862002
-73.988212,40.764307
-73.911447,40.690397
-73.826554,40.685502
-73.949557,40.68039
-73.9521742,40.6663585
-73.94329,40.689214
-73.997862,40.741056
-73.945569,40.677334
-73.948392,40.650955
-73.926488,40.773321
-73.938087,40.595091
-73.783305,40.707945
-74.007417,40.653271
-73.90863,40.746732
-73.830709,40.700005
-73.92246,40.67146
-73.949374,40.689266
-73.8726,40.672581
-74.0814,40.615722
-73.900885,40.696854
-73.921569,40.662559
-73.8677,40.678144
-73.865204,40.755906
-73.946413,40.651054
-73.826455,40.754016
-73.854677,40.742545
-73.800559,40.674819
-73.88392,40.743602
-73.97983,40.718105
-73.752193,40.715793
-73.881138,40.675957
-73.797955,40.681073
-74.14041,40.629685
-73.80467,40.712841
-74.007023,40.74889
-73.942186,40.786537
-73.763807,40.684966
-73.782771,40.695995
-73.808462,40.705752
-73.997285,40.577514
-73.788452,40.680889
-73.952114,40.789003
-73.950186,40.801332
-73.939359,40.796867
-73.94797,40.634728
-73.86814,40.671738
-73.918267,40.739967
-73.942412,40.676559
-73.949703,40.775193
-73.923698,40.679074
-73.963099,40.651981
-73.892128,40.766687
-73.980047,40.628534
-73.943475,40.832755
-73.784546,40.595076
-74.015771,40.644893
-73.912982,40.694123
-73.928481,40.585295
-73.934913,40.79668
-73.993261,40.720183
-73.954755,40.655885
-73.861316,40.671142
-73.919009,40.70429
-73.994138,40.766367
-73.829852,40.579883
-73.95721,40.663517
-73.738409,40.692366
-73.919076,40.695959
-73.957299,40.630512
-73.936657,40.669101
-73.814234,40.737816
-73.945441,40.63832
-73.807279,40.704325
-73.870689,40.697663
-73.755073,40.664728
-73.989698,40.7311
-73.915449,40.661933
-73.960954,40.799184
-73.749856,40.704277
-73.756178,40.673396
-74.086524,40.642564
-73.98487,40.644947
-73.864835,40.667344
-73.775513,40.709347
-73.887042,40.649456
-73.885927,40.656639
-73.925219,40.683979
-73.891832,40.633274
-73.910607,40.686694
-74.004007,40.744306
-73.917587,40.690324
-73.942478,40.598796
-73.880571,40.739732
-73.863502,40.667536
-73.951094,40.800091
-73.891895,40.672574
-73.955797,40.688708
-73.979408,40.641976
-73.933917,40.663645
-73.953516,40.681383
-73.951735,40.699499
-73.941437,40.660774
-74.010899,40.647937
-73.995862,40.713495
-73.942032,40.832865
-73.950763,40.825815
-73.886524,40.746943
-73.959134,40.665058
-73.95857,40.815834
-73.888049,40.661379
-73.906666,40.661294
-73.875925,40.65904
-73.993763,40.66623
-73.9226,40.741651
-73.96387,40.632662
-73.9565955,40.7799253
-74.08316,40.622131
-73.945983,40.757506
-73.917091,40.689634
-73.938649,40.791558
-73.979727,40.717807
-73.92203,40.67602
-73.940302,40.595909
-73.911805,40.692785
-73.991135,40.575925
-73.998585,40.579816
-73.977758,40.728525
-73.945066,40.757329
-73.939664,40.641586
-73.913706,40.648647
-73.887697,40.644548
-73.924441,40.771776
-73.908299,40.667103
-73.877678,40.676432
-73.937342,40.823833
-73.923033,40.862103
-73.941273,40.809223
-73.839521,40.781009
-73.764101,40.700568
-73.883932,40.663867
-73.782069,40.689945
-73.925131,40.756443
-73.838261,40.786176
-73.932929,40.849087
-73.758581,40.721788
-73.948833,40.692894
-73.924117,40.681668
-73.866955,40.667038
-73.873291,40.756369
-73.863304,40.708828
-73.938805,40.686825
-73.764392,40.719773
-73.946721,40.837412
-73.988995,40.713569
-73.99206,40.754306
-73.983794,40.683216
-73.943577,40.638988
-73.945391,40.69797
-73.966517,40.577877
-73.909092,40.689731
-73.920612,40.866759
-73.898591,40.666961
-73.938331,40.685034
-73.934073,40.717277
-73.789544,40.699324
-73.942855,40.785808
-73.960662,40.660947
-73.947327,40.806742
-73.827287,40.792931
-73.880285,40.745836
-73.792053,40.682133
-73.938189,40.714661
-73.783743,40.682635
-73.943345,40.71016
-73.93946,40.801765
-73.807155,40.689349
-73.800608,40.678045
-73.825871,40.681678
-73.935109,40.631252
-74.028942,40.635867
-73.955512,40.680961
-73.92891,40.689368
-73.89097,40.668498
-74.13277,40.597877
-73.922511,40.663126
-73.936175,40.651469
-73.866785,40.665486
-73.954508,40.651353
-73.988778,40.720303
-73.971444,40.580653
-73.959976,40.689343
-73.953542,40.644939
-73.939952,40.693191
-73.756178,40.673396
-73.946394,40.797682
-74.082533,40.637151
-73.914537,40.69193
-73.907259,40.658106
-73.939415,40.810501
-73.945896,40.829573
-73.931824,40.690715
-74.137353,40.628962
-73.957729,40.668631
-73.932073,40.850072
-73.920425,40.629826
-73.949646,40.659548
-73.8777,40.658182
-73.897537,40.73973
-73.784768,40.596177
-74.006827,40.676737
-73.753149,40.602611
-73.916583,40.670971
-73.891428,40.652613
-73.911095,40.67208
-73.876499,40.666928
-73.959022,40.656642
-73.94258,40.813244
-73.950533,40.685783
-73.94643,40.670488
-73.859933,40.735585
-74.101184,40.586233
-73.977889,40.59378
-73.959696,40.654839
-74.133256,40.63795
-73.907479,40.685107
-73.81553,40.686133
-73.929486,40.700659
-73.950706,40.808369
-73.872561,40.677375
-73.90966,40.658395
-73.910185,40.65767
-73.944161,40.687048
-73.957145,40.713769
-74.015998,40.655012
-73.903417,40.65578
-73.740786,40.663431
-73.902903,40.766653
-73.952743,40.654331
-73.94698,40.827583
-73.993495,40.722045
-73.927752,40.861139
-73.904192,40.656981
-73.944702,40.798912
-73.805585,40.681269
-73.852867,40.686912
-73.987934,40.668174
-73.957085,40.652346
-73.80497,40.682872
-73.926592,40.788846
-73.828269,40.686567
-73.99569,40.604833
-73.900942,40.67559
-73.886174,40.674209
-73.951115,40.664464
-73.924403,40.664073
-73.986451,40.741994
-73.843835,40.731807
-73.931316,40.585674
-73.929095,40.682523
-73.930319,40.854172
-73.957405,40.81451
-73.938015,40.847225
-73.735859,40.695297
-73.960516,40.656616
-73.941109,40.694892
-73.907692,40.634027
-74.108266,40.569611
-73.947441,40.83037
-74.006811,40.676238
-73.87524,40.684692
-74.197059,40.512612
-73.995614,40.717246
-73.930687,40.665102
-73.947885,40.798526
-73.926139,40.662832
-73.82696,40.678628
-73.790088,40.694981
-73.884096,40.655531
-73.765201,40.670151
-74.153714,40.625747
-74.107736,40.578981
-73.972104,40.64536
-73.959095,40.811908
-73.962804,40.581977
-73.959414,40.575158
-73.949271,40.675074
-73.949732,40.679327
-73.912443,40.688553
-1.822685371,5.68434E-14
-74.146042,40.634317
-73.926509,40.659672
-73.924102,40.743881
-73.908623,40.678068
-73.801497,40.597294
-74.000229,40.656448
-73.815141,40.694221
-73.944914,40.777419
-73.852203,40.724968
-73.9362,40.830794
-73.920803,40.660365
-73.956827,40.711245
-73.91248,40.744166
-73.767616,40.710759
-73.944064,40.702689
-73.950416,40.777418
-73.944371,40.679264
-73.967469,40.798205
-73.958707,40.650387
-74.009309,40.679533
-73.943723,40.792874
-73.934182,40.79627
-73.958567,40.679048
-73.941723,40.679298
-73.939457,40.816027
-73.964569,40.601075
-73.950339,40.659079
-73.772375,40.596595
-73.907432,40.693506
-73.900377,40.658141
-73.961826,40.693821
-73.957414,40.668568
-73.761738,40.725427
-73.904024,40.670774
-73.938261,40.698418
-73.870117,40.667809
-73.966096,40.629025
-73.936641,40.807269
-73.946424,40.696714
-73.9927913,40.7708989
-73.921615,40.661092
-73.944952,40.678373
-73.947821,40.683628
-1.822685371,5.68434E-14
-73.922856,40.862772
-73.901096,40.745831
-73.865099,40.74004
-73.783515,40.697748
-73.933692,40.796885
-73.998913,40.741397
-73.814518,40.709678
-73.998604,40.740219
-73.937028,40.675294
-73.952602,40.671672
-73.837365,40.649121
-73.9718023,40.7921401
-73.9534337,40.6858916
-73.9435581,40.7109163
-73.9341358,40.7749489
-73.891132,40.698137
-73.946702,40.8074069
-73.9633905,40.7576215
-73.9097661,40.6685042
-73.9114184,40.681196
-73.9123604,40.7671426
-73.928609,40.635189
-73.8980524,40.6426625
-73.944292,40.793218
-73.8445257,40.7695189
-74.0082536,40.6393053
-73.9550722,40.8225981
-73.9476097,40.6888095
-73.9572033,40.5876539
-73.903651,40.741579
-73.9828704,40.6821237
-73.9581581,40.7085078
-73.9393012,40.8104604
-73.8286461,40.693801
-73.9229941,40.6278952
-73.9563002,40.8073339
-73.9293654,40.6605341
-73.981013,40.575758
-73.9497745,40.8068478
-73.9382081,40.8013531
-74.0068388,40.7393963
-73.9064003,40.6677235
-73.9357955,40.8425819
-73.9605788,40.6478355
-73.9800132,40.7174658
-73.8068554,40.7600762
-74.0267973,40.6201254
-73.9490321,40.8282016
-73.9376164,40.825985
-73.9077364,40.6730457
-73.803437,40.6946542
-73.9186977,40.6838836
-73.9516527,40.7340373
-73.9077058,40.693405
-73.850257,40.702042
-73.9365494,40.8205706
-73.7457243,40.6110693
-73.7749784,40.6992994
-73.8141843,40.7615571
-73.804427,40.6886332
-74.0832622,40.6089484
-73.9182669,40.6743671
-73.9385821,40.6782957
-73.7528389,40.6749273
-73.9791353,40.6947696
-73.9380522,40.6727671
-73.8977682,40.6567678
-73.9482208,40.6595482
-73.951028,40.687666
-73.862927,40.655616
-73.9325366,40.6661887
-73.9173861,40.6131627
-73.7680398,40.709567
-73.9594032,40.6792279
-73.9430774,40.7883585
-74.1601619,40.6369987
-73.9609773,40.6933962
-73.9537344,40.6873659
-73.929206,40.6406612
-73.777766,40.73482
-73.9226324,40.6752162
-73.9496042,40.6793275
-73.9678791,40.7603974
-73.9501648,40.8266498
-73.755092,40.693659
-73.8142847,40.6765249
-73.939331,40.8214415
-73.9553963,40.8044372
-73.9240231,40.6974158
-73.78578,40.688948
-73.9613647,40.652011
-73.9379495,40.6854191
-73.9494403,40.7965889
-73.9229264,40.6455556
-73.889153,40.655132
-73.9345982,40.694051
-73.8818788,40.6667185
-73.9574547,40.6686404
-73.8963605,40.6515305
-73.9435429,40.8307947
-73.950564,40.800691
-73.9452343,40.7936676
-73.9388747,40.7912733
-73.938877,40.804997
-73.8910719,40.6646138
-73.878022,40.674526
-73.9307114,40.6669866
-74.1654512,40.5877106
-73.9597104,40.654897
-73.7566014,40.6090594
-74.1684994,40.63938
-73.952133,40.638424
-73.9477723,40.814822
-73.7675347,40.7072618
-74.0859805,40.6482639
-73.9313346,40.6670173
-74.0775302,40.61986
-73.7752754,40.7115296
-73.9094672,40.6728585
-73.9400538,40.7511808
-73.969592,40.673415
-73.9954924,40.6138449
-73.9409144,40.8323079
-73.927188,40.8557808
-73.7424594,40.7201432
-73.9578811,40.6687362
-73.748468,40.6735077
-73.9488286,40.8133767
-73.946508,40.806499
-73.9494731,40.6631897
-73.8816703,40.6476608
-73.936011,40.806291
-73.898671,40.6676624
-73.8167566,40.7907871
-73.9348697,40.8539958
-73.8970953,40.6451583
-73.8401079,40.787581
-74.00866985,40.74283633
-74.2377418,40.5331284
-73.9041014,40.6632618
-73.9570983,40.6623959
-73.9705351,40.6377215
-73.9232153,40.8669824
-73.9360949,40.8220633
-73.9375262,40.8201049
-73.812666,40.6914202
-73.99459,40.740437
-73.7949435,40.7782017
-73.9453812,40.5984761
-74.00706,40.7480247
-73.937057,40.807542
-73.7804309,40.7022793
-73.9969713,40.5775715
-73.9740018,40.7890794
-73.8837224,40.6456794
-74.0172531,40.6418752
-73.9398601,40.6612846
-73.9228988,40.8623247
-73.9408475,40.6720065
-73.9619003,40.6826507
-73.9252999,40.6715009
-73.9324653,40.6850062
-73.952455,40.799857
-73.936385,40.653436
-73.948048,40.750484
-73.9423998,40.790684
-73.992224,40.717666
-73.954679,40.820822
-73.94246,40.8156588
-73.958411,40.641922
-73.8686872,40.6739206
-73.9548441,40.8205924
-73.9090681,40.6761716
-73.785485,40.589856
-73.9147555,40.7532635
-73.9449394,40.7871899
-73.9097596,40.6443594
-73.7496579,40.6105127
-73.9363487,40.6723857
-73.9591441,40.6461567
-73.918959,40.6355996
-73.8565215,40.74739
-73.9440935,40.7101375
-73.921375,40.648715
-73.9418936,40.6724862
-73.7943542,40.6868978
-73.874279,40.659744
-73.948184,40.690241
-73.941472,40.8217698
-73.8707861,40.6788822
-73.7470643,40.7060451
-73.9358369,40.7954464
-73.9573054,40.6847036
-73.7613638,40.6869292
-73.980237,40.7514899
-73.7970885,40.707439
-73.9482575,40.7856384
-73.740439,40.703427
-73.9251275,40.6729402
-74.1348589,40.6359014
-73.9407689,40.5946392
-73.8754574,40.7477089
-73.8678546,40.7539877
-73.7870001,40.7084074
-73.9443413,40.8022983
-73.9526859,40.6958847
-73.9743605,40.6944322
-73.925079,40.6585998
-73.9448935,40.8100409
-73.7804574,40.6767978
-73.8603635,40.738939
-73.9436622,40.8194361
-73.7949832,40.7778984
-73.9216457,40.6599015
-73.926531,40.6874791
-73.8351533,40.6871725
-73.9505997,40.6734332
-73.9225272,40.6841899
-73.9866954,40.5749255
-73.8896564,40.8707539
-73.8785859,40.6568921
-74.164451,40.6256923
-74.0034814,40.7401617
-73.9126943,40.6776176
-73.875027,40.665102
-73.93052,40.698772
-73.9229704,40.6681405
-73.8755999,40.6706577
-73.9606487,40.6850625
-73.9201222,40.6643701
-73.9458488,40.7886822
-73.785485,40.589856
-73.9532506,40.800996
-73.804465,40.688592
-73.9935271,40.5913449
-73.9437393,40.6971897
-73.8806922,40.7560967
-73.9033298,40.6572797
-73.9321739,40.849422
-73.905921,40.666185
-73.9079714,40.7079413
-73.9237025,40.6666827
-73.984885,40.774155
-73.9107182,40.6620675
-73.9500822,40.6689397
-73.9344282,40.7964779
-73.929449,40.684897
-73.889906,40.663772
-73.955224,40.6405257
-73.9195795,40.660942
-73.922367,40.6711103
-73.9938721,40.7327543
-73.8885399,40.6328604
-73.9401592,40.842036
-73.80246162,40.78633038
-73.9632021,40.8002678
-73.9388729,40.8182259
-74.1002677,40.6295633
-74.0818582,40.643919
-73.7921469,40.6878645
-73.9135954,40.6655517
-73.944921,40.8289189
-73.9480701,40.6742003
-73.9523155,40.6941402
-73.9525296,40.6512122
-74.1556235,40.6275016
-73.9356783,40.6672549
-73.8729156,40.7482191
-73.8837477,40.6839889
-73.9460553,40.808893
-73.7396409,40.7059274
-73.8955097,40.666478
-73.9196705,40.8646994
-73.96192,40.6540179
-73.9043342,40.6558443
-74.0143524,40.7029757
-73.9424971,40.6764738
-73.9485709,40.6921828
-73.942797,40.8506045
-73.945056,40.689102
-73.8242784,40.7916981
-73.9575135,40.6549662
-73.7937771,40.7096017
-73.9485824,40.6415275
-73.929052,40.679271
-73.9379281,40.6246277
-73.9572047,40.652251
-74.0753981,40.6262523
-73.990174,40.5760268
-73.7549294,40.6057251
-73.9488388,40.8288075
-73.9483648,40.8163655
-73.915996,40.6537309
-73.939585,40.8343084
-73.898437,40.759944
-73.996251,40.644828
-73.871034,40.6874844
-73.925623,40.652443
-73.991427,40.729842
-73.927246,40.6497985
-73.9466223,40.6919202
-73.8726729,40.6641837
-73.8825167,40.6592428
-73.9148113,40.6702973
-73.8080862,40.7637005
-74.1712594,40.6390833
-73.9631941,40.6885134
-73.9436271,40.8343466
-73.9646792,40.7045602
-73.92052174,40.58306664
-73.927863,40.6281429
-73.9956529,40.7614093
-73.99639606,40.66895455
-73.9381284,40.8253896
-73.9643102,40.7948097
-73.9238638,40.7043777
-73.990227,40.714057
-73.9117292,40.6816708
-73.9412496,40.6795245
-73.9866599,40.5858028
-73.955332,40.8199117
-73.9388292,40.8477126
-73.9153726,40.6724171
-73.930244,40.8562767
-73.9414366,40.818555
-73.9690198,40.5941498
-73.9402827,40.6600459
-73.9007948,40.6724663
-73.8475333,40.6905452
-73.736325,40.6985767
-73.8063315,40.7238944
-73.9732046,40.6945604
-74.0872091,40.639914
-73.9911006,40.7594882
-73.9433147,40.6073804
-73.943002,40.8076038
-73.9250444,40.8620495
-73.8348738,40.6508719
-73.9577593,40.6432806
-74.005782,40.737084
-73.9679529,40.6802245
-73.9349366,40.8451916
-73.8445298,40.6873986
-73.9441963,40.7546385
-73.9265355,40.7040301
-73.989863,40.762239
-74.079895,40.6388802
-74.0098332,40.6010376
-73.9407568,40.8296218
-73.980698,40.685301
-73.8202746,40.694161
-73.857633,40.671656
-73.9448475,40.6706856
-73.9024158,40.6452236
-73.9447465,40.7990304
-73.951292,40.825094
-73.914524,40.661722
-73.929295,40.6660111
-73.950346,40.828894
-73.9975342,40.6428682
-73.9585546,40.6512291
-73.9456632,40.6510038
-73.942949,40.836521
-73.9973188,40.5962034
-73.9445818,40.8331206
-73.844864,40.694412
-73.7928852,40.5972148
-73.9515931,40.6846045
-74.0038638,40.6503126
-73.9400721,40.7039743
-73.938354,40.6808836
-73.95016,40.673411
-73.7714231,40.6636807
-73.9336305,40.796143
-73.9301873,40.6566553
-73.94006,40.7887393
-73.837234,40.74401
-73.9286335,40.655465
-73.9406091,40.6851126
-74.008539,40.63302
-73.8712851,40.748963
-73.9233306,40.8637043
-73.99034,40.737135
-73.9131861,40.6784046
-73.9524611,40.685259
-73.9762785,40.6955573
-73.889519,40.6572566
-73.9261603,40.67211
-73.9416876,40.686485
-73.9161288,40.6641125
-73.9222537,40.6819581
-73.9282375,40.6221538
-73.8075181,40.5898691
-73.8921551,40.6651475
-73.9123653,40.6128918
-73.949628,40.678963
-73.92624,40.6495054
-73.7582796,40.5974248
-74.0968679,40.6345478
-73.8681031,40.7522771
-73.9251936,40.6726109
-74.0696607,40.5920546
-73.9260523,40.6921882
-73.8321859,40.7550674
-73.9155036,40.6616863
-73.9153214,40.6031867
-73.9348672,40.639163
-73.7954486,40.7097586
-73.7433809,40.6961735
-73.955619,40.8066979
-73.9206577,40.7138172
-73.9366786,40.7739309
-73.9208594,40.6655604
-73.9311675,40.8003519
-73.9461465,40.6882276
-73.93599,40.6811434
-73.9527355,40.6438445
-73.8712345,40.7570961
-73.8664526,40.6727067
-73.954162,40.8197149
-73.9590387,40.6699379
-73.9344669,40.662602
-73.8785859,40.6568921
-74.0026377,40.7487185
-73.9296868,40.6463198
-73.8992791,40.7696652
-73.9237921,40.6354815
-73.9358907,40.7594651
-73.896931,40.646126
-73.881633,40.6668046
-74.22169089,40.52499783
-73.9169136,40.6547632
-73.9225193,40.6695619
-73.882999,40.747733
-73.9210714,40.6736133
-73.78081,40.691071
-73.8891173,40.6644403
-74.1333585,40.6380085
-74.0751581,40.6255903
-73.9375134,40.8100431
-73.8835267,40.6676211
-73.7620654,40.6075651
-73.9196472,40.6907652
-73.824244,40.75182
-73.8881572,40.6416758
-73.7566489,40.6805871
-73.9426915,40.7902752
-73.900423,40.663795
-73.9416054,40.7096584
-73.8979637,40.6612704
-73.9523074,40.6540017
-73.9408809,40.7996355
-73.962788,40.672764
-73.9205631,40.6908724
-73.866454,40.7319127
-73.9537666,40.6647079
-73.7475811,40.714184
-73.8922249,40.6430365
-73.7949959,40.6877898
-73.9531264,40.7734172
-73.9182945,40.6286557
-74.0001443,40.7291167
-73.7741163,40.711372
-73.885554,40.679651
-73.9455876,40.8243853
-73.9436301,40.8359858
-73.88759,40.665719
-73.8821305,40.6659891
-73.9403316,40.60768
-73.8890905,40.6516286
-73.808546,40.698432
-73.934697,40.847999
-73.7873133,40.7622819
-73.9121323,40.6731439
-73.9527655,40.6535064
-73.8654694,40.7575982
-73.8149518,40.7002869
-73.9483648,40.8163655
-73.891311,40.6692359
-73.8122305,40.6762358
-73.9858141,40.751503
-73.9445083,40.6846628
-73.9175489,40.6601708
-73.9430389,40.8133273
-74.0347166,40.6289147
-73.7956557,40.6746593
-73.9366253,40.840273
-73.9309024,40.7966327
-73.8899315,40.7545885
-73.8921835,40.6724268
-73.950988,40.6752641
-73.7351544,40.6949407
-73.9450442,40.6801462
-73.9268524,40.6868278
-73.885481,40.745793
-73.9413967,40.6997312
-73.855767,40.740928
-73.9496183,40.6511616
-73.954529,40.642887
-73.9151258,40.6827913
-73.947287,40.6386596
-73.948184,40.690241
-73.952437,40.803187
-74.004433,40.6009397
-73.8942979,40.647185
-73.9538031,40.6376691
-73.9426479,40.6628555
-73.9595743,40.6867187
-73.7896826,40.7072372
-73.9349961,40.6972729
-73.927151,40.6626394
-73.92749,40.6778092
-73.9559583,40.8131181
-73.859612,40.685163
-73.9448787,40.6749358
-73.927433,40.67842
-73.8979253,40.6673813
-73.944299,40.6296423
-73.9157162,40.6971416
-73.9082873,40.8364585
-73.8709219,40.6790653
-73.9785606,40.7467719
-73.9124276,40.6808484
-73.8226484,40.7576518
-74.0832221,40.612406
-73.9271762,40.66517
-73.963749,40.6831308
-73.7981217,40.7068079
-73.9509253,40.6716627
-73.9654567,40.6831815
-73.9438074,40.8336057
-73.763858,40.659733
-73.9345655,40.8010879
-73.9228519,40.687907
-73.902314,40.645138
-73.9335,40.6691435
-73.9365305,40.67967
-73.9316918,40.6670359
-74.080117,40.6214036
-73.9082079,40.6658487
-73.9908408,40.6836423
-73.911668,40.682444
-73.9291835,40.6835589
-73.9386694,40.6868368
-73.9223412,40.6631136
-73.8991608,40.7155956
-73.9443771,40.7948435
-73.9124712,40.6572348
-73.891768,40.6600821
-73.994113,40.592038
-73.9404387,40.7888975
-73.9517261,40.8245137
-73.917786,40.703394
-73.8960247,40.668477
-73.7536477,40.6098498
-73.9207315,40.7063345
-73.8077532,40.6690903
-73.9383962,40.6868684
-73.7722245,40.6647264
-73.9551041,40.6841976
-73.7576721,40.6887762
-73.8942515,40.7265805
-73.9214839,40.7559239
-73.9267923,40.6966225
-73.97758842,40.71320888
-73.9827389,40.6998108
-73.94433975,40.80627833
-73.94910336,40.79675994
-73.7778064,40.6972894
-73.9407448,40.8182086
-73.9169584,40.6742949
-73.9411799,40.831468
-73.9439015,40.6980331
-73.9304589,40.6525142
-73.955479,40.598927
-73.947109,40.6550296
-73.9787257,40.6947264
-73.9401391,40.8354631
-73.8782796,40.7450354
-73.9091942,40.6324996
-73.9497111,40.6978264
-73.9899671,40.7189881
-73.9537,40.662183
-73.9069903,40.690531
-73.949651,40.6514835
-73.9194896,40.653565
-73.8791952,40.6678816
-73.9951083,40.5740575
-73.9795064,40.689837
-73.906312,40.66771
-73.96015,40.6720538
-73.8122782,40.7322394
-73.9251646,40.6729052
-73.9493836,40.6863539
-73.9888595,40.590523
-73.957751,40.6383732
-73.9390066,40.7941955
-74.0343583,40.6131795
-73.7704051,40.5948246
-73.9809496,40.6940695
-73.94552,40.630044
-73.9057752,40.6615565
-73.9429142,40.7908235
-73.9088497,40.6673403
-73.781218,40.7034314
-73.9773217,40.791179
-73.9644392,40.7999064
-73.9507278,40.6861541
-73.8086383,40.7341864
-73.92316,40.665221
-73.7981772,40.5937635
-73.958411,40.641922
-73.9557249,40.6813917
-73.899975,40.705755
-73.8809616,40.6805277
-73.9489854,40.6803591
-73.962947,40.582063
-73.9140853,40.6600055
-73.99715,40.7276145
-73.74755,40.6799
-73.9898995,40.6834573
-74.1437019,40.6376603
-73.9229206,40.6685729
-74.0880463,40.6456904
-73.9368456,40.8272825
-74.1303974,40.6291948
-73.8847309,40.6756339
-73.9900028,40.7400341
-73.8800684,40.6660981
-73.92139,40.6813165
-73.959882,40.655647
-73.9424286,40.8255899
-73.9363719,40.7972896
-73.9193284,40.6649304
-73.9884202,40.7575271
-74.0001383,40.5778526
-73.9229704,40.6681405
-73.7652458,40.6926071
-73.925372,40.761968
-73.9995229,40.7208291
-73.9267612,40.6791417
-73.8773781,40.7483252
-73.961768,40.65408
-73.9075371,40.6983028
-73.927548,40.67717
-73.9384385,40.6709862
-73.916316,40.700121
-73.9638095,40.6876856
-73.9300968,40.6705348
-74.0052155,40.6310071
-73.943106,40.810912
-74.0194125,40.6460451
-73.9760395,40.6943418
-73.9429494,40.6757099
-73.9408878,40.7996262
-73.8733202,40.6686805
-73.9897295,40.6878171
-73.7643809,40.7027841
-73.877557,40.64398
-73.9065099,40.6660983
-73.8704241,40.6679098
-73.9585908,40.6710048
-73.9107166,40.6817991
-73.8012379,40.6866739
-73.9377284,40.7017119
-73.9456826,40.8128103
-73.7542437,40.6022332
-74.0117554,40.6775026
-73.9065293,40.6703114
-73.8684059,40.6732848
-73.9573109,40.6814757
-73.9111484,40.6838771
-73.996111,40.714722
-73.9465929,40.792376
-73.9177492,40.6857527
-74.0015831,40.7328439
-73.8989501,40.7134401
-73.9104513,40.6311355
-73.9127017,40.6731785
-73.9277537,40.6925833
-73.8883051,40.6639448
-73.9544761,40.8189652
-73.9750305,40.6945258
-73.8255485,40.7438484
-73.93463016,40.79700983
-73.936862,40.808278
-73.8703123,40.6687014
-73.8922935,40.6593414
-73.9517351,40.6577543
-73.851493,40.731605
-73.906273,40.659756
-73.8624729,40.6719952
-73.8214868,40.7544599
-73.7363989,40.6939716
-73.9498321,40.6443706
-73.9643875,40.7760906
-73.9462308,40.6949997
-73.9384664,40.6891107
-73.9426213,40.6413038
-73.9872027,40.7448078
-73.9400792,40.8093893
-74.2082805,40.5205724
-73.8239336,40.6670118
-73.8037433,40.687265
-74.008826,40.645117
-73.9465581,40.6966605
-73.9399485,40.6964574
-73.9576275,40.804482
-73.9510723,40.7109567
-73.968158,40.7671252
-73.9606948,40.6484343
-73.9872185,40.6670783
-73.750293,40.707564
-73.8105712,40.6755955
-73.9387025,40.8223586
-73.999499,40.691709
-73.9299496,40.678405
-73.9590376,40.6649336
-73.9421179,40.8125068
-73.968673,40.767343
-73.9928586,40.7412455
-73.9580886,40.6077102
-73.9262007,40.6822708
-73.9146233,40.6581936
-73.7662831,40.6820321
-73.9154556,40.6777159
-73.9300108,40.67053
-74.1253975,40.5633827
-73.9598509,40.8084779
-74.0274855,40.6249265
-73.805395,40.7628019
-73.8636166,40.6748218
-73.7837841,40.7664036
-73.938465,40.6850517
-73.7504981,40.7227701
-73.7686085,40.6984323
-73.9356718,40.6931657
-73.9236437,40.7704132
-73.9220273,40.6793737
-73.9566513,40.6701565
-73.855579,40.758265
-74.00695324,40.64490701
-74.0710332,40.5957834
-73.8912486,40.6725857
-73.9462551,40.6469753
-73.7917932,40.7120094
-73.940571,40.793192
-73.913307,40.693641
-73.951651,40.782004
-73.9587313,40.6808789
-73.8713137,40.6728554
-73.738567,40.770764
-73.9548626,40.8092014
-74.0268084,40.6208147
-73.9678133,40.608638
-73.9150454,40.6923318
-73.9254329,40.641067
-73.86283,40.669372
-73.9904498,40.7624875
-74.0801351,40.5959902
-73.9509253,40.6716627
-73.9897581,40.6836623
-73.939429,40.7051799
-73.8167245,40.7263853
-73.9225614,40.6737003
-73.9444274,40.6318452
-73.8090952,40.704473
-73.9097,40.654153
-73.9511768,40.7926039
-73.9411525,40.6873002
-73.9343356,40.8014064
-73.9396178,40.8260131
-73.9127835,40.6662582
-73.88334,40.6647066
-73.9060141,40.6797096
-73.9511794,40.8049205
-74.0619438,40.5960631
-73.9197852,40.6819172
-73.9606775,40.6566835
-73.7887446,40.5904796
-73.737478,40.661974
-74.1485497,40.6353323
-73.979233,40.640291
-73.9242875,40.6566619
-73.957111,40.6650113
-73.9612176,40.6512093
-73.9071943,40.6644153
-73.9305019,40.6922747
-73.928378,40.66842
-73.9425055,40.629923
-74.1431521,40.6366954
-73.938798,40.675877
-73.8670555,40.6671147
-73.960976,40.663296
-73.9846198,40.7605315
-73.966866,40.693359
-74.0000912,40.5776029
-73.920409,40.630972
-73.9129177,40.6571728
-73.9027348,40.6328253
-73.9427522,40.6635184
-73.9262148,40.6815085
-73.9933833,40.6303233
-73.937559,40.8235422
-73.9900095,40.7126857
-73.9342071,40.6828485
-73.9492313,40.660911
-73.8329052,40.7064661
-73.9581884,40.6816591
-73.8865491,40.7127469
-73.8910208,40.6644141
-74.0897708,40.6326504
-73.9797082,40.5755994
-73.8689183,40.6905446
-73.8845663,40.7383405
-73.812214,40.696629
-74.0166176,40.6515915
-73.926481,40.69414
-73.89052,40.6734658
-73.9407785,40.7031809
-73.8696353,40.7532614
-74.1651148,40.6351441
-73.9271017,40.6210738
-73.9601994,40.5873197
-74.00005,40.577239
-74.0027311,40.6432498
-73.9492313,40.660911
-74.1433464,40.626859
-73.8376701,40.6814038
-73.9052413,40.7525563
-73.955904,40.6763635
-73.792134,40.694115
-73.9466027,40.6969021
-73.883029,40.744657
-73.925746,40.6763304
-73.9054188,40.6341138
-74.0064599,40.708197
-73.9389553,40.8022641
-73.9357969,40.8312871
-73.9948886,40.6219832
-73.9272742,40.6321357
-73.9294701,40.643121
-74.0031331,40.6600242
-73.9197841,40.6708094
-73.920508,40.6683971
-73.9071943,40.6644153
-73.911102,40.6673438
-73.9064971,40.6684785
-73.8982622,40.666119
-73.9335549,40.6707203
-73.9330418,40.6942346
-73.9226749,40.687927
-73.9276254,40.6988107
-73.9470847,40.7178734
-73.775273,40.592862
-73.8291533,40.6924871
-73.8655662,40.6952949
-73.8632176,40.6835424
-73.8652731,40.6832564
-73.7560807,40.7135397
-73.8115263,40.6810836
-73.8466139,40.7123747
-73.9149461,40.7710103
-73.8642653,40.7529325
-74.1704228,40.5236554
-74.1626461,40.6058997
-73.9499143,40.6742954
-73.9978486,40.6003802
-73.9399654,40.7886997
-74.0809073,40.6371196
-73.8778156,40.6737102
-73.933832,40.684391
-73.936133,40.843554
-73.866454,40.7319127
-73.9694978,40.7911678
-73.842852,40.689946
-73.7359667,40.693395
-73.9467794,40.6261994
-73.9479983,40.7213674
-73.98673,40.711533
-73.979578,40.660858
-73.939152,40.723088
-74.0029791,40.6859088
-73.9411201,40.690304
-73.8712308,40.672867
-73.882581,40.662226
-73.785628,40.7870987
-73.9466107,40.7898618
-74.0828641,40.6230458
-73.9440666,40.679178
-73.9316918,40.6670359
-73.9543177,40.6727097
-73.9357071,40.6760996
-73.9583721,40.5790045
-73.921631,40.700675
-73.8909314,40.6640646
-74.0023541,40.5769854
-74.0002229,40.6824233
-73.8787521,40.6839077
-73.9309673,40.6869712
-73.9986369,40.5750922
-73.9312515,40.6674195
-73.926443,40.6597918
-73.907758,40.596531
-73.941271,40.8159804
-73.857633,40.671656
-74.1263193,40.6253088
-73.9198499,40.6677434
-73.7927163,40.7107765
-73.9340473,40.653586
-73.8529902,40.7423106
-73.7595682,40.6822347
-73.9610774,40.5791462
-73.919704,40.632941
-73.9498247,40.6770035
-73.9059987,40.6645952
-73.986893,40.576388
-73.94477,40.824043
-73.8764157,40.7584241
-73.9545408,40.6364326
-73.9231243,40.6871187
-73.8779894,40.6825242
-73.988208,40.6834276
-73.9859345,40.5770695
-73.9234176,40.7433373
-73.929896,40.687094
-74.081026,40.6256364
-73.7808999,40.7037161
-74.0877377,40.6418501
-73.884453,40.682864
-73.9384921,40.8180644
-73.7635622,40.6662406
-73.900632,40.643623
-73.951083,40.586021
-73.803828,40.693086
-73.8376479,40.7817026
-73.9497085,40.7875235
-73.9160091,40.7016365
-73.9892879,40.6056309
-73.8655615,40.6688904
-73.9401699,40.823798
-73.9622398,40.8015021
-73.755541,40.600979
-73.8506357,40.6950185
-73.9078354,40.6595227
-73.960967,40.799331
-73.955643,40.8127427
-73.9513481,40.640236
-73.9175936,40.6576194
-73.9078354,40.6595227
-73.8699471,40.6743644
-73.871888,40.686877
-73.9261651,40.7043018
-73.78062,40.7008071
-73.7377349,40.6523354
-73.7314109,40.6609011
-73.7434118,40.6961833
-73.733714,40.670354
-73.8081686,40.7566845
-73.7786313,40.6890999
-74.0908562,40.6275948
-73.80832,40.688764
-73.9180733,40.6511998
-73.9807806,40.7773565
-73.8175765,40.7058106
-73.817681,40.760628
-73.9893442,40.7579319
-73.9214577,40.8644316
-73.9153039,40.6975653
-73.9103359,40.6724964
-73.940365,40.833784
-74.0030999,40.6175905
-73.9455737,40.6632216
-73.8502933,40.6942559
-73.951331,40.813562
-73.8994682,40.6670055
-73.955406,40.6777466
-73.8350952,40.6870528
-73.984099,40.7803332
-73.951083,40.586021
-74.013755,40.6061604
-74.0050724,40.6363361
-73.9921866,40.6414527
-73.9413207,40.6993547
-73.9199336,40.6904689
-73.9085771,40.7089207
-73.7952821,40.6747516
-73.7822422,40.6904191
-73.9414908,40.685723
-73.952045,40.646767
-73.8509304,40.731
-73.9444954,40.8107024
-73.941709,40.801187
-73.9375757,40.8251577
-73.9499274,40.6759334
-73.9472615,40.706942
-73.9778918,40.7390988
-73.7863795,40.7016566
-73.7675856,40.6727244
-74.187303,40.564044
-73.914963,40.637011
-73.960009,40.6595293
-73.8633138,40.6676556
-73.9108016,40.6776802
-73.9365291,40.6796857
-73.908025,40.6352862
-73.9396034,40.704011
-73.894183,40.661353
-73.9137131,40.650562
-73.802576,40.681846
-73.9092531,40.7612019
-74.0121885,40.70751
-73.9545782,40.643351
-73.955147,40.592207
-73.9456826,40.8128103
-73.9306167,40.8001074
-74.0066653,40.6356034
-73.9133885,40.6274846
-73.9488793,40.6451299
-73.962951,40.673584
-73.9125375,40.63712
-73.7643669,40.6681416
-73.9314621,40.6846627
-73.9423656,40.703063
-73.88735,40.682947
-73.9959758,40.5727496
-73.9282077,40.6496447
-73.80441427,40.67699207
-73.945225,40.6980852
-73.9575925,40.7626853
-73.9389723,40.7953275
-73.9972286,40.5737339
-74.0005139,40.7492862
-73.9500396,40.6892789
-74.171228,40.6386427
-73.774594,40.700454
-73.93107891,40.58416826
-73.8771136,40.6678952
-74.003657,40.617044
-73.9449576,40.7871975
-73.9963782,40.7591206
-73.9577697,40.6536789
-73.939262,40.671035
-73.7845638,40.5953697
-73.8714101,40.6733615
-74.00197506,40.70517085
-73.9807468,40.72985
-73.953685,40.66554
-73.7863591,40.589776
-73.885384,40.755609
-73.753417,40.602309
-74.1593988,40.6074838
-73.9526801,40.6959623
-74.00364876,40.64788804
-73.9920726,40.7252379
-73.9396012,40.7039953
-73.947697,40.790315
-73.749709,40.687825
-73.9087581,40.6813022
-73.876151,40.684547
-73.8916592,40.6725163
-73.9087895,40.6582345
-73.83799553,40.66752881
-73.9285034,40.6812664
-73.746533,40.7158062
-73.9438248,40.6975248
-74.1598165,40.6080977
-73.8757,40.7674809
-73.978479,40.766648
-74.004904,40.6512079
-73.927356,40.6791946
-74.026032,40.6338579
-73.935693,40.651719
-73.937974,40.805242
-73.886296,40.666156
-73.9838764,40.6833323
-73.993948,40.751522
-73.918813,40.6644379
-73.8677,40.684541
-73.750118,40.701599
-73.7435075,40.696203
-73.956528,40.770808
-74.0123533,40.6362369
-73.7510901,40.606899
-74.003137,40.706248
-73.893431,40.751478
-73.924041,40.672267
-73.8104854,40.6767272
-73.9612,40.654848
-73.96057,40.6756249
-73.8744789,40.666849
-73.930965,40.650469
-73.914029,40.657004
-73.928674,40.641967
-73.9701473,40.6948449
-73.910732,40.782855
-73.7866133,40.7076137
-73.895543,40.669485
-73.9370604,40.6929576
-73.9331673,40.6957805
-73.9014267,40.6431106
-73.935267,40.668573
-73.91661644,40.74351629
-73.9456056,40.7990064
-73.9073083,40.6562729
-73.933411,40.850454
-73.774686,40.731884
-73.8749437,40.6736553
-73.983113,40.643532
-73.948655,40.709725
-73.9069592,40.6660495
-74.1712406,40.6393092
-73.7982339,40.689283
-73.9135561,40.6692696
-74.0889052,40.6458451
-73.95343781,40.69482453
-74.0670855,40.5962566
-73.993714,40.716542
-73.9800484,40.7655335
-73.8561371,40.7521294
-73.7482239,40.681434
-73.925412,40.652682
-73.913634,40.683922
-73.9795292,40.6870635
-73.9457129,40.8128012
-74.1649911,40.6249283
-73.9406168,40.8115048
-74.0035007,40.6756176
-73.958148,40.688563
-73.7627156,40.5961467
-73.9185689,40.6965927
-73.9582657,40.684573
-73.90604,40.669233
-73.949331,40.751111
-73.931957,40.693795
-73.9764019,40.786326
-73.889693,40.699391
-73.9411609,40.671515
-73.944195,40.819578
-73.9803529,40.720975
-73.741086,40.701794
-73.9999349,40.659518
-73.9424337,40.7539962
-73.896636,40.6672161
-73.959401,40.651831
-73.95863,40.646062
-73.9422603,40.812224
-73.930537,40.706778
-73.857992,40.75551
-73.864962,40.859733
-73.9865572,40.7002002
-73.884711,40.673209
-73.9240165,40.6893629
-73.82237434,40.71308364
-73.9586907,40.8133877
-73.954761,40.707591
-73.9399339,40.76173
-73.9469388,40.7908268
-73.792169,40.689175
-73.9521944,40.6995202
-73.827324,40.699697
-73.99229,40.761669
-73.95296,40.653658
-73.877014,40.671681
-73.987927,40.759791
-73.9346884,40.8455238
-73.938338,40.808903
-73.9479974,40.6452
-73.830434,40.758595
-73.963821,40.774266
-74.0092927,40.6751057
-73.9750537,40.7615254
-73.9404794,40.8282428
-73.938285,40.796301
-73.9258965,40.6637414
-73.9282395,40.6773886
-73.998556,40.575101
-73.750424,40.706356
-73.9908249,40.5742792
-73.96226,40.676905
-73.909003,40.688108
-73.9042775,40.658437
-73.9333781,40.774706
-73.936269,40.670268
-73.9897422,40.7114916
-73.78916,40.694772
-73.9244718,40.6702125
-73.7546521,40.7065747
-73.942821,40.680847
-73.728451,40.729221
-74.13253,40.635781
-73.9406134,40.8388888
-73.9751033,40.6955841
-73.933924,40.6938559
-73.93214,40.643856
-73.9781842,40.7207105
-74.006658,40.639887
-73.890055,40.678069
-73.8106129,40.6996213
-73.917626,40.670117
-73.9794673,40.6959583
-73.74607086,40.59500833
-73.8885188,40.6729759
-73.9528629,40.816882
-74.198112,40.548831
-73.94399643,40.68548543
-73.964547,40.624606
-73.744139,40.708564
-73.986729,40.7214469
-74.009055,40.644073
-73.9486817,40.754976
-73.858046,40.7413219
-73.975941,40.7164256
-74.0053197,40.7285375
-73.894713,40.703245
-73.78186226,40.59772276
-73.9652395,40.6517458
-73.915272,40.687185
-73.8952766,40.6693701
-73.749913,40.605234
-73.9197817,40.6676575
-73.942381,40.829871
-73.9291923,40.6804308
-73.759448,40.7004919
-73.7365561,40.6864798
-73.9169019,40.678708
-73.9758528,40.5910989
-73.923877,40.66889
-73.8117208,40.7036738
-73.822265,40.673359
-73.978943,40.652986
-73.95276,40.805028
-73.978233,40.7206745
-73.942603,40.694389
-73.8970824,40.6485575
-73.9546999,40.6381288
-73.913414,40.637155
-73.90457869,40.68869163
-73.828665,40.694187
-73.9193112,40.8638605
-73.757047,40.606369
-73.986579,40.744347
-73.909135,40.679493
-73.944488,40.786905
-73.9588315,40.6890326
-73.7699305,40.6609088
-73.9384606,40.5978828
-73.9081745,40.6753204
-74.165244,40.632149
-73.9576542,40.6715402
-73.8745069,40.6848352
-74.017864,40.644191
-73.833985,40.7585369
-73.952762,40.655983
-73.905308,40.634873
-74.006438,40.726312
-73.8590596,40.6924899
-73.754675,40.703766
-73.9827714,40.5728385
-73.997434,40.60577
-73.918798,40.679603
-73.9877979,40.667394
-73.898048,40.642341
-73.998556,40.575101
-73.9217892,40.660027
-73.943553,40.826287
-73.8008276,40.6900372
-73.922266,40.6761701
-73.9451382,40.793843
-73.8791108,40.6816679
-73.9451142,40.8208395
-73.8953789,40.647008
-74.0380825,40.6205993
-73.947156,40.626377
-73.9465139,40.6966673
-73.84672,40.670902
-73.9840609,40.7605985
-73.916375,40.66247
-73.729097,40.658287
-73.9514937,40.7994656
-73.8118606,40.6916297
-73.892464,40.643018
-73.9158099,40.660174
-73.9313981,40.6657064
-73.9890107,40.7267966
-73.9982255,40.7119092
-73.74815,40.691791
-73.981354,40.589552
-73.9426888,40.6613158
-73.880792,40.6679389
-73.80045,40.684164
-73.919595,40.687286
-73.778056,40.668999
-73.90608,40.689808
-74.1712381,40.6391932
-73.861201,40.6958131
-73.947637,40.674814
-73.94052,40.828714
-73.9318157,40.6688535
-73.75522,40.65899
-73.9472713,40.7564072
-73.9214329,40.6658189
-73.829042,40.764807
-73.7291117,40.7065414
-73.92997,40.626779
-73.9998409,40.5763752
-73.95623,40.599089
-73.9321446,40.6517947
-73.9283511,40.7021961
-73.9165978,40.7578592
-73.9359816,40.7498449
-73.926188,40.677714
-73.790164,40.689632
-73.8738202,40.6694948
-73.961105,40.675364
-73.7654717,40.5980172
-73.931484,40.637574
-73.8690871,40.7520334
-73.9290634,40.6643384
-73.754284,40.664002
-73.924411,40.653365
-73.8593754,40.7358204
-73.799744,40.695174
-74.101743,40.611047
-73.944231,40.819673
-73.9829065,40.6998526
-73.941062,40.678446
-73.9452731,40.6380742
-73.909494,40.67721
-74.006862,40.7076612
-73.9440867,40.6848866
-74.098198,40.574559
-73.934589,40.846536
-73.944574,40.812904
-73.9679589,40.67922
-73.912817,40.6587933
-73.9583982,40.7799176
-73.8118327,40.7320554
-73.9269629,40.6380528
-73.942749,40.818791
-74.010869,40.645729
-73.9447816,40.8101193
-73.901366,40.677387
-73.9569602,40.6522704
-73.9379947,40.8477132
-74.136578,40.636571
-73.823129,40.755147
-73.9177969,40.660647
-73.963613,40.651751
-73.9387723,40.6988521
-73.954991,40.673186
-73.7834715,40.6849793
-73.8367572,40.7676809
-73.749728,40.711175
-73.933153,40.6767566
-73.9711085,40.6444664
-73.9224994,40.6815354
-73.983248,40.720076
-73.9433918,40.7102433
-73.85954,40.753747
-74.1077675,40.6452438
-73.955909,40.654089
-73.9298097,40.6463231
-73.757959,40.686863
-73.949945,40.686521
-73.953123,40.819902
-73.867507,40.678059
-73.86707,40.762136
-73.979616,40.739421
-73.970991,40.604322
-73.915501,40.685762
-73.9075979,40.686704
-73.9400254,40.5946712
-73.930891,40.676844
-73.952884,40.690205
-73.8726854,40.6726434
-73.790863,40.688407
-73.9347144,40.6963006
-73.8302322,40.7664556
-73.9614213,40.8011973
-74.0083329,40.604886
-73.926585,40.6558009
-73.928509,40.649779
-73.9486494,40.8156857
-73.9662495,40.7834345
-73.954991,40.673186
-73.892369,40.670873
-73.757424,40.714896
-73.994554,40.6670422
-73.8442083,40.7801504
-73.9443819,40.8006675
-73.864381,40.7577729
-73.810993,40.7646935
-73.867603,40.673411
-73.917715,40.67369
-73.7548384,40.6985276
-73.932862,40.650432
-73.9675755,40.6509315
-73.785996,40.594024
-73.9370604,40.6929576
-73.9428734,40.7558901
-73.9106352,40.6778181
-74.0818663,40.6184597
-73.927404,40.664837
-73.962179,40.627926
-73.9824997,40.7185949
-73.92523,40.650636
-73.821837,40.821437
-73.911511,40.692252
-73.9478533,40.8071928
-73.9292856,40.8547353
-73.9608416,40.575093
-73.7842199,40.6970206
-73.8208412,40.695346
-73.9706649,40.6828408
-74.1345266,40.6365694
-73.944037,40.7548082
-73.9533111,40.6585172
-73.9590499,40.6649202
-73.943143,40.786912
-74.159002,40.624727
-73.860176,40.750942
-73.9315086,40.8523786
-73.9403316,40.8147508
-73.989723,40.75857
-73.925274,40.652689
-73.962988,40.647544
-74.004952,40.68246
-73.9465139,40.6966673
-73.943072,40.726589
-73.930675,40.8535527
-73.981569,40.59265
-73.758421,40.606192
-73.877382,40.669263
-73.89157,40.6595755
-73.814807,40.685042
-73.9363895,40.672667
-73.9129487,40.6465111
-73.89556,40.681286
-73.958356,40.7132956
-73.910799,40.678278
-73.9585124,40.6906693
-73.911001,40.664385
-73.905073,40.6583295
-73.988337,40.618326
-73.956934,40.594159
-73.9329701,40.8014704
-73.947529,40.634671
-73.9374987,40.8069174
-73.9850056,40.7194679
-73.9586689,40.6890502
-73.8885217,40.6694064
-73.933555,40.693929
-73.9373197,40.8076582
-73.867004,40.678713
-73.9414993,40.5838779
-73.8037072,40.6755758
-73.9312528,40.7614243
-73.786472,40.689622
-73.98991585,40.73610912
-73.9262543,40.6243089
-73.962636,40.6469883
-73.9010638,40.6621269
-73.960583,40.655927
-73.7732639,40.6846571
-73.977975,40.639836
-73.88636,40.636976
-73.8266697,40.70666
-73.9508357,40.666295
-73.918909,40.863912
-73.938421,40.627515
-73.7525844,40.6081046
-74.1622866,40.6267005
-73.8665821,40.6656201
-74.007947,40.599897
-73.9209462,40.6769937
-73.9103115,40.6698267
-73.9260708,40.6808118
-73.81187,40.691078
-73.90924,40.658959
-73.9332444,40.8490119
-73.9347141,40.7940979
-73.937499,40.674849
-73.915372,40.670462
-73.9369114,40.665418
-73.920886,40.670643
-73.9795759,40.579109
-73.746501,40.696289
-73.9373989,40.8102002
-73.980309,40.658806
-73.9514792,40.7994415
-73.947411,40.637062
-73.9361322,40.8088035
-73.876059,40.671702
-73.9314099,40.8138371
-73.9249686,40.6752506
-73.804945,40.694277
-73.9456133,40.6626802
-73.9146448,40.6581771
-73.7483735,40.6788035
-73.9380444,40.5954518
-73.9941106,40.6688389
-73.944648,40.660254
-73.916002,40.710967
-73.920085,40.666862
-73.977264,40.723165
-73.9264296,40.6673435
-73.942473,40.826598
-73.8151307,40.7304376
-73.942881,40.814865
-74.179096,40.536598
-73.960006,40.6888841
-73.9368,40.806216
-73.937044,40.850477
-73.766858,40.687012
-73.9378282,40.7034988
-73.873878,40.666948
-73.923126,40.677946
-73.9287181,40.6857276
-73.947501,40.639364
-73.87684,40.684493
-73.7027385,40.7520002
-73.978057,40.6527945
-73.923146,40.676428
-73.8871986,40.6715735
-73.953125,40.595497
-73.87623,40.687981
-73.950301,40.710037
-73.794371,40.686913
-73.99605274,40.57901199
-73.9435361,40.7943515
-73.87892,40.8451299
-73.9030784,40.8579037
-73.9053838,40.8214826
-73.9249492,40.8090954
-73.882327,40.8510459
-73.9186178,40.8073014
-73.8996019,40.824524
-73.9152052,40.8356105
-73.841315,40.878646
-73.8488576,40.9063221
-73.926798,40.819459
-73.9048758,40.825386
-73.876248,40.8201716
-73.8856039,40.8518779
-73.8893998,40.8259658
-73.9030343,40.8534282
-73.9223405,40.8301814
-73.8478962,40.818432
-73.9084146,40.8161912
-73.8742349,40.8319621
-73.900886,40.849418
-73.8357857,40.8758817
-73.889908,40.869524
-73.86051,40.837222
-73.8844071,40.8749766
-73.8826958,40.8814995
-73.857399,40.893401
-73.9203075,40.8418263
-73.8392141,40.8936797
-73.8867679,40.8336956
-73.9249564,40.84135
-73.8348261,40.8780725
-73.926699,40.811713
-73.8944381,40.829047
-73.898289,40.840688
-73.895882,40.8563487
-73.9099716,40.8462019
-73.8634262,40.8775127
-73.9169089,40.8505875
-73.926148,40.835054
-73.9219172,40.8127885
-73.8904341,40.8489234
-73.8638383,40.8556547
-73.916312,40.8251951
-73.9099766,40.8184444
-73.9009145,40.8380758
-73.889901,40.849875
-73.9249316,40.8141587
-73.908889,40.805893
-73.9118448,40.8301271
-73.9017969,40.8165431
-73.8994443,40.8386047
-73.9302734,40.8317014
-73.867847,40.848866
-73.8774147,40.8251204
-73.903461,40.8590735
-73.8668777,40.8231227
-73.9135673,40.8460144
-73.909345,40.8452239
-73.8687484,40.8714737
-73.8480384,40.8860853
-73.923492,40.831976
-73.8300641,40.8891232
-73.9039156,40.8250497
-73.9216406,40.8145984
-73.917806,40.828763
-73.8929467,40.8162183
-73.896382,40.858373
-73.9245955,40.8124347
-73.9169285,40.8341378
-73.9168693,40.818971
-73.89160752,40.84701288
-73.8788796,40.8272991
-73.9232366,40.8137614
-73.9246541,40.8262765
-73.87652278,40.88012567
-73.8460778,40.886547
-73.9209256,40.8049523
-73.8687011,40.8501242
-73.9206573,40.8427891
-73.8580362,40.821056
-73.913854,40.8487724
-73.9099765,40.8403042
-73.887706,40.867964
-73.92854,40.834426
-73.8938451,40.8652549
-73.9081141,40.8493826
-73.8540217,40.8865871
-73.882563,40.854206
-73.850068,40.870053
-73.918396,40.830017
-73.83981,40.861223
-73.913218,40.834977
-73.920021,40.852721
-73.854415,40.840824
-73.860452,40.887804
-73.925447,40.826867
-73.9164,40.805358
-73.902977,40.823406
-73.929771,40.833745
-73.896018,40.820626
-73.850364,40.897611
-73.87999,40.87327
-73.864189,40.889006
-73.906047,40.843142
-73.863161,40.881091
-73.838072,40.876817
-73.910561,40.835395
-73.852431,40.879744
-73.891957,40.858624
-73.923782,40.814627
-73.924651,40.843619
-73.868204,40.849474
-73.901702,40.830207
-73.913965,40.848424
-73.903928,40.862046
-73.905229,40.846581
-73.904962,40.844673
-73.885565,40.835496
-73.902358,40.868696
-73.843845,40.878778
-73.90627,40.847221
-73.876587,40.880472
-73.855055,40.902114
-73.869994,40.83565
-73.924434,40.823458
-73.869626,40.843846
-73.917167,40.81132
-73.853017,40.874879
-73.858965,40.892411
-73.876935,40.839284
-73.842196,40.894337
-73.921478,40.827372
-73.893071,40.871396
-73.908235,40.834522
-73.910094,40.840197
-73.876376,40.821213
-73.856019,40.887319
-73.914065,40.807997
-73.871596,40.878646
-73.915845,40.847396
-73.875731,40.874884
-73.924235,40.809773
-73.910096,40.840396
-73.886061,40.816079
-73.889086,40.84984
-73.840319,40.88252
-73.830442,40.878478
-73.917311,40.844547
-73.890056,40.82573
-73.82802,40.889188
-73.89955,40.879645
-73.922758,40.817388
-73.898327,40.832381
-73.918581,40.807184
-73.915691,40.835417
-73.920188,40.83694
-73.906667,40.843333
-73.903189,40.835307
-73.893523,40.857846
-73.900324,40.837251
-73.911452,40.819431
-73.888794,40.827581
-73.924434,40.835667
-73.843154,40.870569
-73.88173,40.882846
-73.843605,40.877744
-73.858623,40.893134
-73.854519,40.87938
-73.901076,40.87148
-73.886508,40.837057
-73.908225,40.862148
-73.864928,40.875813
-73.921278,40.815138
-73.912057,40.835013
-73.903681,40.852389
-73.904297,40.862833
-73.867471,40.858228
-73.865011,40.827765
-73.925265,40.834774
-73.873651,40.866722
-73.87923,40.873672
-73.906379,40.817218
-73.858378,40.889533
-73.875026,40.830865
-73.884395,40.881674
-73.924971,40.808986
-73.861425,40.885845
-73.854986,40.830005
-73.83326,40.882618
-73.92247,40.81774
-73.871388,40.837259
-73.869448,40.876023
-73.876126,40.81963
-73.91979,40.821845
-73.888028,40.812621
-73.883968,40.874958
-73.844453,40.87829
-73.914267,40.8406
-73.919674,40.825871
-73.923315,40.842255
-73.865815,40.85634
-73.859873,40.879277
-73.914169,40.83831
-73.885433,40.855759
-73.891083,40.869932
-73.899204,40.858675
-73.915656,40.809444
-73.894493,40.84754
-73.900075,40.829817
-73.803083,40.875191
-73.845723,40.886524
-73.84874,40.835979
-73.89874,40.857717
-73.903069,40.878168
-73.876827,40.871119
-73.882473,40.850954
-73.888257,40.818846
-73.86532,40.871641
-73.916957,40.839213
-73.916821,40.828778
-73.843239,40.883356
-73.86332,40.831678
-73.850068,40.870053
-73.892421,40.868624
-73.901165,40.861246
-73.922174,40.847724
-73.886728,40.867229
-73.899739,40.866193
-73.900477,40.851207
-73.886508,40.837057
-73.929157,40.81148
-73.871426,40.841329
-73.850433,40.871172
-73.880379,40.841284
-73.899601,40.850194
-73.917217,40.856015
-73.902903,40.848709
-73.91605,40.812113
-73.862435,40.815346
-73.913793,40.8356
-73.875906,40.83931
-73.863838,40.876895
-73.9,40.911355
-73.85247,40.828825
-73.894631,40.860553
-73.912506,40.832638
-73.837806,40.822046
-73.850038,40.893904
-73.895035,40.857209
-73.8369,40.816857
-73.893769,40.858829
-73.831835,40.889279
-73.906482,40.846733
-73.881981,40.828356
-73.865407,40.827429
-73.887172,40.829109
-73.900158,40.829173
-73.862081,40.871261
-73.89744,40.815279
-73.877911,40.842444
-73.921345,40.84718
-73.812509,40.816758
-73.861243,40.880029
-73.824363,40.82046
-73.825546,40.885379
-73.904511,40.822951
-73.85651,40.82778
-73.906491,40.837477
-73.902911,40.85633
-73.886287,40.827451
-73.900606,40.870233
-73.915296,40.841962
-73.884971,40.850462
-73.9221,40.842132
-73.86667,40.838499
-73.914852,40.830261
-73.8642968,40.8722327
-73.848286,40.885926
-73.888058,40.845318
-73.920259,40.831483
-73.849484,40.90337
-73.902833,40.886673
-73.923687,40.815685
-73.913906,40.847324
-73.832746,40.871456
-73.922875,40.813315
-73.853043,40.876396
-73.867276,40.816499
-73.910805,40.83073
-73.880379,40.841284
-73.887658,40.834149
-73.913766,40.844295
-73.900963,40.847697
-73.914267,40.8406
-73.914751,40.825201
-73.905974,40.869609
-73.855447,40.837463
-73.892052,40.865713
-73.906821,40.851808
-73.912401,40.842178
-73.820484,40.848501
-73.875053,40.835188
-73.911648,40.846884
-73.919587,40.829442
-73.883642,40.789818
-73.82568,40.879402
-73.919545,40.816555
-73.913965,40.848424
-73.86304,40.837825
-73.887849,40.833831
-73.859941,40.882665
-73.912662,40.82008
-73.862681,40.885928
-73.928392,40.834903
-73.925015,40.843309
-73.911263,40.846308
-73.862029,40.884987
-73.906252,40.818425
-73.92049,40.826312
-73.842257,40.871769
-73.887857,40.84212
-73.894788,40.851082
-73.927313,40.81856
-73.908036,40.834875
-73.892474,40.862697
-73.931979,40.813043
-73.907011,40.861988
-73.861241,40.894527
-73.859577,40.883095
-73.867471,40.865669
-73.863805,40.838604
-73.887683,40.832384
-73.88404,40.843094
-73.83172,40.870222
-73.912607,40.843371
-73.902934,40.842734
-73.897146,40.863997
-73.899186,40.86106
-73.893705,40.85538
-73.920697,40.834506
-73.875002,40.834903
-73.903907,40.836859
-73.855729,40.840523
-73.821844,40.818215
-73.916118,40.844761
-73.89422,40.858114
-73.875929,40.82643
-73.903838,40.845352
-73.926718,40.824256
-73.893885,40.85882
-73.847772,40.877337
-73.860422,40.869585
-73.900733,40.853544
-73.911084,40.838164
-73.891985,40.823934
-73.9164,40.805358
-73.914103,40.84083
-73.868366,40.838309
-73.88817,40.806272
-73.863372,40.866392
-73.855975,40.88628
-73.90976,40.848568
-73.866304,40.836401
-73.870942,40.826104
-73.911973,40.84823
-73.894376,40.866067
-73.903908,40.858368
-73.833517,40.880982
-73.88319,40.883285
-73.921059,40.826276
-73.906701,40.874638
-73.888873,40.854216
-73.854788,40.837445
-73.905564,40.845624
-73.853559,40.824263
-73.899374,40.879338
-73.850165,40.878256
-73.870335,40.863614
-73.869139,40.837994
-73.904395,40.870188
-73.893286,40.812821
-73.887827,40.832145
-73.931555,40.828311
-73.896142,40.855743
-73.912846,40.808407
-73.892767,40.865031
-73.846291,40.811547
-73.909088,40.833002
-73.89276,40.865021
-73.861597,40.879091
-73.873236,40.879245
-73.900563,40.848137
-73.926649,40.81974
-73.884617,40.821413
-73.892133,40.86882
-73.912904,40.889749
-73.90398,40.850208
-73.892158,40.856537
-73.898598,40.832432
-73.86136,40.894663
-73.902143,40.820584
-73.903488,40.882803
-73.903969,40.813238
-73.926894,40.832477
-73.922116,40.815028
-73.915452,40.850494
-73.86108,40.886937
-73.892133,40.86882
-73.900845,40.849026
-73.900615,40.850068
-73.87398,40.87669
-73.886096,40.827656
-73.919746,40.808557
-73.879252,40.834424
-73.866092,40.875152
-73.893596,40.859483
-73.866264,40.867874
-73.922269,40.847614
-73.921946,40.819446
-73.884647,40.858004
-73.894881,40.847702
-73.911428,40.813864
-73.892789,40.863131
-73.9165,40.840471
-73.887524,40.825158
-73.925828,40.811913
-73.867109,40.827484
-73.912893,40.840119
-73.897863,40.821004
-73.928648,40.836849
-73.907015,40.864345
-73.913427,40.847993
-73.833216,40.882514
-73.9014,40.856773
-73.901799,40.816627
-73.894057,40.86235
-73.914262,40.834575
-73.906304,40.847992
-73.87957,40.843292
-73.885633,40.830642
-73.893945,40.860587
-73.829574,40.850309
-73.829524,40.882471
-73.879846,40.883202
-73.910201,40.861612
-73.904217,40.853575
-73.865456,40.815037
-73.83014,40.826874
-73.901951,40.907018
-73.921207,40.836992
-73.91966,40.819829
-73.903374,40.830685
-73.894046,40.869592
-73.8499721,40.8852942
-73.8966573,40.8806322
-73.8604712,40.8681467
-73.92528534,40.80575859
-73.8269436,40.8470025
-73.9179729,40.8200745
-73.892126,40.878069
-73.8819855,40.879426
-73.86919498,40.87796342
-73.841051,40.876058
-73.8968892,40.8211827
-73.9083876,40.8737206
-73.9306341,40.8086497
-73.7513786,40.779168
-73.90735,40.847779
-73.9030138,40.8124543
-73.861919,40.8304725
-73.9178567,40.8353792
-73.9193833,40.8482532
-73.904389,40.8636193
-73.8908914,40.8660833
-73.9165326,40.8359955
-73.8829792,40.8574088
-73.8749537,40.8268222
-73.8790277,40.8840837
-73.8653476,40.8274659
-73.868686,40.854365
-73.90352,40.8183677
-73.8348095,40.8644708
-73.8408338,40.8453161
-73.903956,40.8229106
-73.9146817,40.8491612
-73.8899305,40.8256907
-73.9235516,40.8141724
-73.903279,40.848688
-73.9054034,40.8232576
-73.9010405,40.8683433
-73.8654987,40.874996
-73.9068394,40.8530342
-73.8959818,40.8203804
-73.906848,40.831383
-73.8675878,40.8367284
-73.883816,40.851501
-73.9148953,40.8371152
-73.9279669,40.8187778
-73.9051003,40.8434187
-73.91801,40.819993
-73.8982482,40.8175278
-73.863431,40.841259
-73.892686,40.858245
-73.8543029,40.8984782
-73.9141803,40.8250181
-73.8886595,40.8191953
-73.8244748,40.8229259
-73.9033724,40.8304789
-73.8964849,40.8651719
-73.853357,40.83402
-73.9279607,40.8373894
-73.9277152,40.810744
-73.892892,40.822613
-73.8269728,40.8881898
-73.9155019,40.852986
-73.9098229,40.8386915
-73.9165494,40.8326644
-73.8974746,40.8163957
-73.8589571,40.8806969
-73.8941762,40.833188
-73.9084852,40.8284721
-73.842846,40.9027445
-73.907407,40.846789
-73.8665546,40.8217932
-73.8995344,40.8138862
-73.887171,40.870232
-73.9021779,40.8691253
-73.92811,40.830981
-73.8792531,40.8432344
-73.8963622,40.8480012
-73.9079014,40.8487628
-73.914046,40.8078844
-73.91646,40.8343158
-73.8931502,40.8517093
-73.9053838,40.8214826
-73.9146799,40.8539451
-73.831277,40.8894375
-73.891279,40.855173
-73.9220047,40.8307424
-73.897372,40.867503
-73.9036713,40.8696512
-73.8480581,40.8904323
-73.9023385,40.8555502
-73.9054729,40.8596965
-73.9236016,40.8176572
-73.8962514,40.8526982
-73.9017626,40.8348608
-73.8886001,40.8702871
-73.9046917,40.8497343
-73.8444814,40.8859236
-73.8698716,40.8413243
-73.8446461,40.8180312
-73.9102681,40.8492394
-73.8529025,40.8294623
-73.900937,40.857759
-73.8640961,40.8775172
-73.891919,40.8546743
-73.917404,40.8239773
-73.8936772,40.8554746
-73.9246175,40.8383045
-73.88812065,40.89738587
-73.8978155,40.8244657
-73.8908776,40.8290414
-73.8967792,40.8573886
-73.8867679,40.8336956
-73.846344,40.876982
-73.8991403,40.8827438
-73.870378,40.873274
-73.8983046,40.8498111
-73.9225709,40.8393272
-73.9204613,40.8114136
-73.8816292,40.8535192
-73.90177,40.8461157
-73.8195205,40.8323075
-73.921378,40.847194
-73.8223382,40.8190279
-73.8976386,40.8292548
-73.8417352,40.8547285
-73.8809021,40.8452971
-73.8585574,40.8393281
-73.8533566,40.8711873
-73.8755781,40.825414
-73.904914,40.825289
-73.8960977,40.8487798
-73.9208068,40.8149009
-73.9222834,40.8379554
-73.8576439,40.8317781
-73.90843,40.8616599
-73.897877,40.819513
-73.8992185,40.8288298
-73.9054234,40.8545875
-73.8927084,40.8711898
-73.8868408,40.8541192
-73.8531329,40.8731414
-73.853959,40.895936
-73.8681971,40.8423752
-73.9239824,40.8411521
-73.8997765,40.8524351
-73.9114993,40.8290744
-73.9146834,40.8053043
-73.9206284,40.8423161
-73.8466297,40.8722987
-73.8958195,40.8644841
-73.9189342,40.8080486
-73.8595178,40.8366351
-73.8782463,40.8734191
-73.8664123,40.8632759
-73.8678353,40.8506535
-73.8909849,40.8699649
-73.907472,40.836268
-73.8995413,40.8500923
-73.9077811,40.866429
-73.9093161,40.8448443
-73.9219989,40.8128224
-73.8941874,40.83326
-73.917453,40.84925
-73.9188455,40.806499
-73.8770979,40.8804141
-73.9072303,40.8158604
-73.865473,40.878491
-73.869413,40.8282627
-73.852319,40.9023973
-73.9202877,40.8199017
-73.8795246,40.8418763
-73.9081789,40.8591674
-73.9220016,40.8190758
-73.9001131,40.8590004
-73.8950692,40.8595769
-73.9097752,40.8524268
-73.8641295,40.8782008
-73.904402,40.889719
-73.9113122,40.8410422
-73.860546,40.86553
-73.9204845,40.8262129
-73.89894,40.8395043
-73.9153201,40.8366923
-73.9219989,40.8128224
-73.8696618,40.8325065
-73.8964621,40.8671097
-73.9228084,40.842577
-73.924798,40.806578
-73.8982151,40.8521594
-73.8299201,40.8878619
-73.8814842,40.8262152
-73.8943955,40.8481361
-73.8366628,40.8382878
-73.9071198,40.8603439
-73.8894921,40.8642039
-73.9166222,40.8186216
-73.849012,40.8944034
-73.912289,40.887088
-73.9092657,40.8347358
-73.9152655,40.8520087
-73.8426285,40.8836621
-73.8675145,40.8163627
-73.820606,40.848689
-73.9189904,40.8334225
-73.9032452,40.8474915
-73.8468996,40.8780109
-73.831297,40.887823
-73.9081333,40.8348415
-73.930448,40.813249
-73.8950692,40.8595769
-73.90405297,40.86274142
-73.82218,40.8640122
-73.8248041,40.8620979
-73.858888,40.888972
-73.9184295,40.8514644
-73.9250251,40.8091262
-73.9071567,40.8183829
-73.831297,40.887823
-73.8665528,40.8451336
-73.8470874,40.8709136
-73.8877079,40.8321201
-73.8798134,40.8435467
-73.876975,40.8723264
-73.894436,40.8508985
-73.91594,40.839571
-73.8738658,40.8404425
-73.9262618,40.8334311
-73.9219013,40.8478806
-73.9000214,40.827713
-73.8902981,40.8650729
-73.915715,40.8394817
-73.9134023,40.83896
-73.8876397,40.8235892
-73.8290268,40.851986
-73.8922365,40.8201725
-73.8961718,40.8209968
-73.850256,40.8371391
-73.9198157,40.8231213
-73.9078337,40.8496361
-73.8479866,40.8861623
-73.9081789,40.8591674
-73.9144619,40.8381332
-73.8892421,40.8523106
-73.9195039,40.8474129
-73.876795,40.836269
-73.9157699,40.838699
-73.888285,40.8166912
-73.900052,40.818604
-73.8943264,40.8536596
-73.8909134,40.8645019
-73.9050577,40.8172524
-73.8622054,40.885865
-73.896614,40.910194
-73.8542847,40.8970406
-73.9241714,40.848103
-73.8902592,40.8213462
-73.8463755,40.8731372
-73.9164151,40.8328933
-73.892005,40.855547
-73.916232,40.835733
-73.9066559,40.9077113
-73.884732,40.851765
-73.848864,40.813441
-73.8772471,40.8385171
-73.9023385,40.8555502
-73.8638786,40.8547575
-73.9093631,40.8748015
-73.8217615,40.8214495
-73.8977483,40.8617281
-73.8507072,40.8694423
-73.9128705,40.8333628
-73.8995857,40.858813
-73.9053103,40.8243945
-73.8830576,40.8442499
-73.9162082,40.8314686
-73.915415,40.80846
-73.854633,40.820306
-73.908407,40.851328
-73.851209,40.832646
-73.9175392,40.8436308
-73.8877085,40.82938
-73.8925797,40.7744224
-73.9091327,40.8233598
-73.8136382,40.8178856
-73.8884651,40.8316321
-73.895578,40.851474
-73.848797,40.8849568
-73.9072303,40.8158604
-73.8910716,40.8643513
-73.8920046,40.8204075
-73.8866608,40.8435253
-73.8883105,40.8328566
-73.8198209,40.8254374
-73.9223802,40.8486333
-73.897766,40.850024
-73.86753,40.861345
-73.892103,40.8687568
-73.8897086,40.8655197
-73.8843777,40.8523999
-73.9179502,40.8254136
-73.8748133,40.8748522
-73.858259,40.822014
-73.9199978,40.8359001
-73.8609234,40.834952
-73.8537387,40.8864963
-73.9146761,40.8539442
-73.9022273,40.8314252
-73.8940145,40.8603076
-73.9053219,40.8730138
-73.8458893,40.8819231
-73.8700563,40.831075
-73.9050688,40.8171292
-73.8414716,40.8734333
-73.9143635,40.808882
-73.9200426,40.8292559
-73.9253552,40.8135803
-73.911616,40.850134
-73.913274,40.809672
-73.8595038,40.861199
-73.8669161,40.8396762
-73.8378061,40.866086
-73.8918259,40.823433
-73.8976785,40.8580505
-73.8443808,40.8858691
-73.9042441,40.8597277
-73.8893524,40.8733637
-73.894871,40.823936
-73.9062129,40.8202443
-73.8609466,40.8854688
-73.891942,40.870726
-73.8884362,40.8326533
-73.923492,40.831976
-73.9256137,40.8384361
-73.9219428,40.8103982
-73.8577586,40.8804742
-73.8458268,40.877983
-73.9054034,40.8232576
-73.8536285,40.8776636
-73.886629,40.873966
-73.8522022,40.8931275
-73.918642,40.8215621
-73.913891,40.838887
-73.84805,40.819096
-73.923005,40.813428
-73.864571,40.8382081
-73.869302,40.873253
-73.8878495,40.8540345
-73.8909296,40.8645117
-73.8499837,40.8390652
-73.8890063,40.8392763
-73.8483785,40.8206168
-73.850663,40.875458
-73.9081383,40.8104525
-73.856602,40.9000427
-73.9030608,40.8356799
-73.9115183,40.8458006
-73.8918372,40.8442638
-73.9048804,40.8579363
-73.917679,40.813224
-73.91719,40.823372
-73.91546845,40.84338334
-73.9173554,40.8190978
-73.848719,40.872436
-73.8313233,40.8883214
-73.9013596,40.8314983
-73.8887528,40.8251509
-73.859556,40.886922
-73.867822,40.865077
-73.8673789,40.8654302
-73.887807,40.84521
-73.9019206,40.858103
-73.893156,40.850513
-73.9268221,40.8226572
-73.8987861,40.8553665
-73.898151,40.814479
-73.856178,40.88421
-73.852233,40.89964
-73.8920359,40.8357192
-73.852073,40.831998
-73.8649669,40.8164019
-73.8577229,40.835277
-73.9067965,40.8217759
-73.903328,40.829787
-73.8994961,40.8265275
-73.912099,40.837252
-73.9070864,40.8734891
-73.8694431,40.8696631
-73.879945,40.88324
-73.926518,40.834096
-73.898757,40.82958
-73.851047,40.9031779
-73.918721,40.8112489
-73.902706,40.875095
-73.9050489,40.8248986
-73.9065359,40.8738585
-73.9277459,40.8186914
-73.857593,40.886892
-73.845314,40.881123
-73.8418106,40.8681766
-73.8869005,40.8654624
-73.8798711,40.8196202
-73.88808,40.832671
-73.868715,40.865649
-73.9189191,40.8303058
-73.9156236,40.8120431
-73.92395,40.839253
-73.9125674,40.835193
-73.8701537,40.8271511
-73.828957,40.88367
-73.922402,40.8361227
-73.907168,40.846368
-73.865703,40.873138
-73.8469984,40.8708466
-73.9204221,40.8199398
-73.9182833,40.8194235
-73.864919,40.88528
-73.903071,40.827104
-73.892644,40.8527879
-73.9206891,40.8330297
-73.9030581,40.8265934
-73.900719,40.8134439
-73.9180384,40.8232777
-73.9126129,40.839883
-73.922989,40.834463
-73.908362,40.811667
-73.8574781,40.8068695
-73.8532878,40.9028425
-73.8487172,40.8775014
-73.889128,40.868221
-73.8481276,40.8859238
-73.8968225,40.8647074
-73.9021129,40.8695454
-73.9197695,40.8218986
-73.857744,40.869162
-73.894458,40.8567729
-73.9038886,40.858372
-73.9036774,40.8587168
-73.917784,40.819685
-73.877745,40.825413
-73.8989457,40.826155
-73.8669415,40.8164691
-73.833427,40.867879
-73.856718,40.839072
-73.888611,40.82762
-73.896374,40.864233
-73.902506,40.853031
-73.9184584,40.8255759
-73.9258706,40.8370141
-73.91215,40.809013
-73.8920909,40.819838
-73.894662,40.859964
-73.9096164,40.8745599
-73.8932292,40.8598944
-73.8455552,40.8193784
-73.8639071,40.832609
-73.90456,40.845365
-73.898653,40.829379
-73.899641,40.84605
-73.9240086,40.8127523
-73.9159303,40.8380399
-73.9225592,40.8079907
-73.919872,40.8344213
-73.8253817,40.8793118
-73.892448,40.82062
-73.8262417,40.8220729
-73.8984831,40.8487175
-73.921776,40.807344
-73.8657444,40.8771655
-73.8592944,40.8218805
-73.901301,40.870206
-73.8645145,40.8256674
-73.858187,40.880683
-73.9070283,40.8282719
-73.862079,40.889715
-73.849644,40.885764
-73.8938553,40.8425122
-73.8713099,40.835014
-73.894756,40.816863
-73.8628468,40.883581
-73.8801062,40.8284824
-73.856407,40.887929
-73.906086,40.823839
-73.917713,40.8206428
-73.901597,40.866493
-73.8631769,40.8675659
-73.91425,40.846185
-73.915749,40.8051717
-73.858687,40.837944
-73.903922,40.873168
-73.902114,40.8564999
-73.9049976,40.8528715
-73.906417,40.811607
-73.916922,40.8222038
-73.9186276,40.8440915
-73.904942,40.8627509
-73.8955479,40.8577312
-73.8883831,40.8176945
-73.894518,40.824153
-73.9251142,40.8138724
-73.918802,40.8489419
-73.856154,40.887325
-73.916435,40.84449
-73.867253,40.828643
-73.899743,40.856556
-73.8465556,40.8792043
-73.8187135,40.8370786
-73.8815076,40.8406624
-73.8225698,40.8653345
-73.8845506,40.8779921
-73.90816,40.850246
-73.9024166,40.8124756
-73.905396,40.8340155
-73.8643416,40.8748657
-73.909963,40.8305396
-73.9148554,40.8089957
-73.9023235,40.857271
-73.8807867,40.8457411
-73.898513,40.848702
-73.849834,40.9035129
-73.9199387,40.819104
